Date,Distance,Average Speed,Vertical,Profile score,Stage type,Year,Race

13 May 2000,4.6,48.994,26,0,1,2000,giro-d-italia

14 May 2000,125,44.973,691,8,2,2000,giro-d-italia

15 May 2000,225,35.971,2650,84,4,2000,giro-d-italia

16 May 2000,177,37.316,2507,95,2,2000,giro-d-italia

17 May 2000,233,37.086,2808,94,2,2000,giro-d-italia

18 May 2000,232,43.595,1999,93,3,2000,giro-d-italia

19 May 2000,170,36.066,1059,20,3,2000,giro-d-italia

20 May 2000,182,39.212,2174,85,3,2000,giro-d-italia

21 May 2000,255,32.524,4138,128,4,2000,giro-d-italia

22 May 2000,140,31.943,3508,300,5,2000,giro-d-italia

23 May 2000,257,37.783,1880,47,2,2000,giro-d-italia

24 May 2000,42,50.995,23,0,1,2000,giro-d-italia

-1,-1,-1,-1,-1,-1,2000,giro-d-italia

26 May 2000,184,45.006,1700,115,2,2000,giro-d-italia

27 May 2000,195,36.938,4602,336,4,2000,giro-d-italia

28 May 2000,205,36.374,4776,305,4,2000,giro-d-italia

29 May 2000,171,35.908,1807,73,2,2000,giro-d-italia

30 May 2000,102,41.473,527,11,1,2000,giro-d-italia

31 May 2000,224,41.606,949,12,2,2000,giro-d-italia

01 June 2000,176,37.376,3725,273,5,2000,giro-d-italia

02 June 2000,177,31.977,3955,287,5,2000,giro-d-italia

03 June 2000,34,34.104,1304,178,5,2000,giro-d-italia

04 June 2000,0,37.6467,0,0,0,2000,giro-d-italia

19 May 2001,7.6,58.97,6,0,1,2001,giro-d-italia

20 May 2001,202,38.464,2822,85,2,2001,giro-d-italia

21 May 2001,167,45.632,1018,17,3,2001,giro-d-italia

22 May 2001,149,39.822,1965,66,2,2001,giro-d-italia

23 May 2001,169,36.98,2828,176,5,2001,giro-d-italia

24 May 2001,229,41.729,1095,11,2,2001,giro-d-italia

25 May 2001,150,35.519,1774,46,2,2001,giro-d-italia

26 May 2001,239,35.144,2338,86,2,2001,giro-d-italia

27 May 2001,185,37.706,4026,166,4,2001,giro-d-italia

28 May 2001,142,41.024,153,0,1,2001,giro-d-italia

29 May 2001,212,40.209,1400,24,2,2001,giro-d-italia

30 May 2001,187,40.285,2648,108,2,2001,giro-d-italia

31 May 2001,139,39.103,345,11,1,2001,giro-d-italia

01 June 2001,225,30.351,5906,397,5,2001,giro-d-italia

02 June 2001,163,31.196,3128,221,4,2001,giro-d-italia

03 June 2001,55.5,46.519,540,19,1,2001,giro-d-italia

04 June 2001,142,36.58,259,2,1,2001,giro-d-italia

-1,-1,-1,-1,-1,-1,2001,giro-d-italia

06 June 2001,119,32.923,2447,117,4,2001,giro-d-italia

07 June 2001,230,,6215,437,5,2001,giro-d-italia

08 June 2001,163,45.474,518,3,1,2001,giro-d-italia

09 June 2001,181,35.767,3331,177,4,2001,giro-d-italia

10 June 2001,0,40.1661,,,0,2001,giro-d-italia

11 May 2002,6.5,47.561,21,0,1,2002,giro-d-italia

12 May 2002,215,38.252,452,1,1,2002,giro-d-italia

13 May 2002,209,38.561,2677,89,3,2002,giro-d-italia

14 May 2002,206,35.625,2516,55,2,2002,giro-d-italia

15 May 2002,232,41.279,1668,19,2,2002,giro-d-italia

16 May 2002,150,39.691,1825,133,5,2002,giro-d-italia

17 May 2002,190,38.416,2357,106,2,2002,giro-d-italia

-1,-1,-1,-1,-1,-1,2002,giro-d-italia

19 May 2002,159,39.101,1235,79,2,2002,giro-d-italia

20 May 2002,237,40.874,2328,70,3,2002,giro-d-italia

21 May 2002,201,43.236,1546,15,2,2002,giro-d-italia

22 May 2002,118,39.91,1570,46,3,2002,giro-d-italia

23 May 2002,140,34.48,2864,185,5,2002,giro-d-italia

24 May 2002,200,35.475,3389,172,2,2002,giro-d-italia

25 May 2002,190,37.496,3486,226,5,2002,giro-d-italia

26 May 2002,30.3,43.97,471,35,1,2002,giro-d-italia

-1,-1,-1,-1,-1,-1,2002,giro-d-italia

28 May 2002,156,42.008,540,7,2,2002,giro-d-italia

29 May 2002,163,33.164,4671,325,4,2002,giro-d-italia

30 May 2002,222,29.936,4962,438,5,2002,giro-d-italia

31 May 2002,143,33.949,1913,75,2,2002,giro-d-italia

01 June 2002,44.3,47.521,364,15,1,2002,giro-d-italia

02 June 2002,0,37.5254,,,0,2002,giro-d-italia

10 May 2003,201,38.159,1259,12,1,2003,giro-d-italia

11 May 2003,177,37.01,1057,72,2,2003,giro-d-italia

12 May 2003,145,40.534,1332,72,3,2003,giro-d-italia

13 May 2003,170,42.43,1810,94,2,2003,giro-d-italia

14 May 2003,176,35.831,2094,50,2,2003,giro-d-italia

15 May 2003,218,41.941,2289,50,2,2003,giro-d-italia

-1,-1,-1,-1,-1,-1,2003,giro-d-italia

17 May 2003,146,37.226,2681,248,5,2003,giro-d-italia

18 May 2003,214,38.937,1765,37,2,2003,giro-d-italia

19 May 2003,160,43.25,1319,28,2,2003,giro-d-italia

20 May 2003,211,37.861,3431,176,2,2003,giro-d-italia

21 May 2003,222,38.697,168,0,1,2003,giro-d-italia

22 May 2003,185,35.749,3321,389,5,2003,giro-d-italia

23 May 2003,155,42.472,1064,59,2,2003,giro-d-italia

24 May 2003,162,33.901,4275,360,5,2003,giro-d-italia

25 May 2003,42.5,46.746,304,21,2,2003,giro-d-italia

26 May 2003,207,44.426,791,4,1,2003,giro-d-italia

-1,-1,-1,-1,-1,-1,2003,giro-d-italia

28 May 2003,117,43.934,489,15,1,2003,giro-d-italia

29 May 2003,175,32.436,5211,371,5,2003,giro-d-italia

30 May 2003,239,37.729,2652,200,5,2003,giro-d-italia

31 May 2003,133,43.019,1002,36,1,2003,giro-d-italia

01 June 2003,0,38.9489,,,0,2003,giro-d-italia

08 May 2004,6.9,48.706,112,8,1,2004,giro-d-italia

09 May 2004,143,38.66,1779,36,2,2004,giro-d-italia

10 May 2004,184,39.836,2721,123,2,2004,giro-d-italia

11 May 2004,191,33.107,3526,254,5,2004,giro-d-italia

12 May 2004,184,37.339,1936,52,2,2004,giro-d-italia

13 May 2004,177,40.083,1549,41,3,2004,giro-d-italia

14 May 2004,164,40.844,2044,61,2,2004,giro-d-italia

15 May 2004,214,39.336,2599,152,5,2004,giro-d-italia

16 May 2004,214,43.85,2474,60,2,2004,giro-d-italia

17 May 2004,142,34.828,867,14,2,2004,giro-d-italia

18 May 2004,146,42.882,2215,68,2,2004,giro-d-italia

-1,-1,-1,-1,-1,-1,2004,giro-d-italia

20 May 2004,228,42.866,2401,130,2,2004,giro-d-italia

21 May 2004,210,43.72,171,0,1,2004,giro-d-italia

22 May 2004,52,46.742,753,68,2,2004,giro-d-italia

23 May 2004,175,42.174,1918,36,2,2004,giro-d-italia

24 May 2004,234,39.014,1355,22,1,2004,giro-d-italia

25 May 2004,217,35.058,4914,236,2,2004,giro-d-italia

-1,-1,-1,-1,-1,-1,2004,giro-d-italia

27 May 2004,153,41.711,2279,148,2,2004,giro-d-italia

28 May 2004,118,29.934,3813,317,5,2004,giro-d-italia

29 May 2004,122,31.52,3428,339,4,2004,giro-d-italia

30 May 2004,0,38.5991,,,0,2004,giro-d-italia

07 May 2005,1.15,51.75,10,0,1,2005,giro-d-italia

08 May 2005,208,40.319,1785,51,3,2005,giro-d-italia

09 May 2005,182,39.74,1699,52,2,2005,giro-d-italia

10 May 2005,210,38.855,2462,102,2,2005,giro-d-italia

11 May 2005,220,42.56,1583,32,2,2005,giro-d-italia

12 May 2005,223,37.033,3353,125,3,2005,giro-d-italia

13 May 2005,153,42.249,1549,32,2,2005,giro-d-italia

14 May 2005,211,41.066,2323,135,2,2005,giro-d-italia

15 May 2005,45,46.141,579,34,2,2005,giro-d-italia

16 May 2005,139,42.653,1354,28,2,2005,giro-d-italia

17 May 2005,212,38.622,230,0,1,2005,giro-d-italia

18 May 2005,150,35.473,3798,333,5,2005,giro-d-italia

19 May 2005,178,36.828,2120,61,4,2005,giro-d-italia

-1,-1,-1,-1,-1,-1,2005,giro-d-italia

21 May 2005,218,33.404,5994,364,5,2005,giro-d-italia

22 May 2005,210,30.992,5889,365,4,2005,giro-d-italia

23 May 2005,154,43.445,950,30,1,2005,giro-d-italia

-1,-1,-1,-1,-1,-1,2005,giro-d-italia

25 May 2005,210,43.321,1267,61,2,2005,giro-d-italia

26 May 2005,194,36.863,4088,264,5,2005,giro-d-italia

27 May 2005,34,45.25,518,57,2,2005,giro-d-italia

28 May 2005,190,32.618,4674,357,5,2005,giro-d-italia

29 May 2005,0,37.8531,,,0,2005,giro-d-italia

06 May 2006,6.2,47.49,171,11,1,2006,giro-d-italia

07 May 2006,197,40.526,1364,15,1,2006,giro-d-italia

08 May 2006,202,38.515,1873,51,3,2006,giro-d-italia

09 May 2006,193,41.528,2581,52,2,2006,giro-d-italia

-1,-1,-1,-1,-1,-1,2006,giro-d-italia

11 May 2006,35,56.86,98,0,1,2006,giro-d-italia

12 May 2006,227,42.01,329,0,1,2006,giro-d-italia

13 May 2006,236,35.2,4513,219,5,2006,giro-d-italia

14 May 2006,171,41.99,2227,240,5,2006,giro-d-italia

15 May 2006,127,41.14,1384,67,2,2006,giro-d-italia

16 May 2006,187,40.1,2652,111,3,2006,giro-d-italia

-1,-1,-1,-1,-1,-1,2006,giro-d-italia

18 May 2006,50,51.02,69,0,1,2006,giro-d-italia

19 May 2006,171,43.5,1947,136,2,2006,giro-d-italia

20 May 2006,218,40.72,2766,239,4,2006,giro-d-italia

21 May 2006,223,40.91,3455,158,4,2006,giro-d-italia

22 May 2006,189,44.35,496,3,1,2006,giro-d-italia

23 May 2006,173,35.61,3405,303,5,2006,giro-d-italia

24 May 2006,121,36.04,2243,195,5,2006,giro-d-italia

25 May 2006,210,38,3033,171,4,2006,giro-d-italia

26 May 2006,224,31,5741,375,5,2006,giro-d-italia

27 May 2006,211,30.78,5411,392,4,2006,giro-d-italia

28 May 2006,0,38.3389,,,0,2006,giro-d-italia

12 May 2007,26,46.383,374,25,1,2007,giro-d-italia

13 May 2007,206,40.23,2247,79,2,2007,giro-d-italia

14 May 2007,180,41.07,2044,58,2,2007,giro-d-italia

-1,-1,-1,-1,-1,-1,2007,giro-d-italia

16 May 2007,154,35.17,3433,180,5,2007,giro-d-italia

17 May 2007,173,40.38,1720,56,2,2007,giro-d-italia

18 May 2007,179,35.99,3660,158,4,2007,giro-d-italia

19 May 2007,254,40.67,2047,50,2,2007,giro-d-italia

20 May 2007,197,41.48,2906,62,2,2007,giro-d-italia

21 May 2007,177,35.74,2272,48,2,2007,giro-d-italia

22 May 2007,249,39.41,4494,279,5,2007,giro-d-italia

23 May 2007,198,34.24,1520,25,2,2007,giro-d-italia

24 May 2007,163,34.12,3864,284,4,2007,giro-d-italia

25 May 2007,13,26.97,728,126,5,2007,giro-d-italia

26 May 2007,192,38.58,3633,176,4,2007,giro-d-italia

27 May 2007,184,31.78,5159,462,5,2007,giro-d-italia

-1,-1,-1,-1,-1,-1,2007,giro-d-italia

29 May 2007,189,33.94,3309,159,2,2007,giro-d-italia

30 May 2007,142,36.75,3432,398,5,2007,giro-d-italia

31 May 2007,208,45.74,360,0,1,2007,giro-d-italia

01 June 2007,178,38.86,2710,139,4,2007,giro-d-italia

02 June 2007,43,49.3,411,22,1,2007,giro-d-italia

03 June 2007,0,37.5234,,,0,2007,giro-d-italia

10 May 2008,23,52.01,158,2,1,2008,giro-d-italia

11 May 2008,207,35.63,3889,134,3,2008,giro-d-italia

12 May 2008,221,39.345,2164,40,2,2008,giro-d-italia

13 May 2008,183,37.973,2459,83,2,2008,giro-d-italia

14 May 2008,203,39.952,2835,114,3,2008,giro-d-italia

15 May 2008,232,42.855,2387,98,3,2008,giro-d-italia

16 May 2008,180,37.884,3936,223,3,2008,giro-d-italia

17 May 2008,208,44.4,2357,74,3,2008,giro-d-italia

18 May 2008,218,39.624,1146,34,2,2008,giro-d-italia

-1,-1,-1,-1,-1,-1,2008,giro-d-italia

20 May 2008,39,41.282,741,78,2,2008,giro-d-italia

21 May 2008,199,34.672,4320,195,4,2008,giro-d-italia

22 May 2008,169,41.306,325,0,1,2008,giro-d-italia

23 May 2008,177,42.291,202,0,1,2008,giro-d-italia

24 May 2008,195,34.69,5091,436,5,2008,giro-d-italia

25 May 2008,153,31.288,4864,430,5,2008,giro-d-italia

26 May 2008,12.9,19.14,1084,238,5,2008,giro-d-italia

-1,-1,-1,-1,-1,-1,2008,giro-d-italia

28 May 2008,146,42.302,1417,51,2,2008,giro-d-italia

29 May 2008,147,43.498,2241,104,2,2008,giro-d-italia

30 May 2008,228,34.41,3480,299,5,2008,giro-d-italia

31 May 2008,232,33.73,4900,280,4,2008,giro-d-italia

01 June 2008,0,37.8101,,,0,2008,giro-d-italia

09 May 2009,20.5,56.336,19,0,1,2009,giro-d-italia

10 May 2009,156,41.951,646,31,1,2009,giro-d-italia

11 May 2009,198,41.618,1155,50,3,2009,giro-d-italia

12 May 2009,165,38.813,2685,220,5,2009,giro-d-italia

13 May 2009,125,38.383,2851,313,5,2009,giro-d-italia

14 May 2009,242,41.496,3252,118,4,2009,giro-d-italia

15 May 2009,244,41.022,2501,42,2,2009,giro-d-italia

16 May 2009,208,40.976,3042,132,4,2009,giro-d-italia

17 May 2009,155,36.297,195,0,1,2009,giro-d-italia

-1,-1,-1,-1,-1,-1,2009,giro-d-italia

19 May 2009,250,38.391,4215,201,4,2009,giro-d-italia

20 May 2009,214,44.08,1278,40,2,2009,giro-d-italia

21 May 2009,60.6,38.48,1497,148,2,2009,giro-d-italia

22 May 2009,176,46.19,745,8,1,2009,giro-d-italia

23 May 2009,174,40.654,2675,124,3,2009,giro-d-italia

24 May 2009,159,36.77,3104,163,2,2009,giro-d-italia

25 May 2009,237,32.924,5699,390,5,2009,giro-d-italia

-1,-1,-1,-1,-1,-1,2009,giro-d-italia

27 May 2009,83,35.29,2085,245,5,2009,giro-d-italia

28 May 2009,181,43.846,2106,46,2,2009,giro-d-italia

29 May 2009,164,35.993,3921,292,5,2009,giro-d-italia

30 May 2009,203,45.092,1577,53,3,2009,giro-d-italia

31 May 2009,0,39.8591,,,0,2009,giro-d-italia

08 May 2010,8.4,48.932,60,3,1,2010,giro-d-italia

09 May 2010,209,42.255,684,3,1,2010,giro-d-italia

10 May 2010,224,44.79,322,1,1,2010,giro-d-italia

-1,-1,-1,-1,-1,-1,2010,giro-d-italia

-1,-1,-1,-1,-1,-1,2010,giro-d-italia

13 May 2010,168,44.61,1067,40,2,2010,giro-d-italia

14 May 2010,172,39.042,2420,115,2,2010,giro-d-italia

15 May 2010,220,42.09,2373,141,2,2010,giro-d-italia

16 May 2010,189,38.996,3424,246,5,2010,giro-d-italia

17 May 2010,188,45.432,1018,8,3,2010,giro-d-italia

18 May 2010,220,37.797,2292,43,2,2010,giro-d-italia

19 May 2010,262,40.465,4024,135,3,2010,giro-d-italia

20 May 2010,206,39.135,1651,61,2,2010,giro-d-italia

21 May 2010,223,40.892,2036,97,2,2010,giro-d-italia

22 May 2010,205,41.296,2214,191,4,2010,giro-d-italia

23 May 2010,218,34.244,3915,441,5,2010,giro-d-italia

-1,-1,-1,-1,-1,-1,2010,giro-d-italia

25 May 2010,12.9,18.666,1084,238,5,2010,giro-d-italia

26 May 2010,173,38.542,2871,167,5,2010,giro-d-italia

27 May 2010,143,44.004,1047,22,2,2010,giro-d-italia

28 May 2010,195,35.773,4641,388,5,2010,giro-d-italia

29 May 2010,178,40.032,4849,324,5,2010,giro-d-italia

30 May 2010,0,39.9098,,,0,2010,giro-d-italia

07 May 2011,19.3,55.19,36,0,1,2011,giro-d-italia

08 May 2011,244,42.353,944,26,1,2011,giro-d-italia

09 May 2011,173,43.681,2009,89,2,2011,giro-d-italia

10 May 2011,216,,2176,91,2,2011,giro-d-italia

11 May 2011,191,38.872,2723,121,3,2011,giro-d-italia

12 May 2011,216,41.058,3121,112,3,2011,giro-d-italia

13 May 2011,110,37.761,2333,173,5,2011,giro-d-italia

14 May 2011,217,43.436,2082,45,3,2011,giro-d-italia

15 May 2011,169,34.474,4091,264,5,2011,giro-d-italia

-1,-1,-1,-1,-1,-1,2011,giro-d-italia

17 May 2011,159,39.615,1207,15,3,2011,giro-d-italia

18 May 2011,144,40.528,2612,140,3,2011,giro-d-italia

19 May 2011,184,42.888,488,5,1,2011,giro-d-italia

20 May 2011,167,35.047,4208,352,5,2011,giro-d-italia

21 May 2011,172,33.9,4170,413,5,2011,giro-d-italia

22 May 2011,229,30.722,6939,474,5,2011,giro-d-italia

-1,-1,-1,-1,-1,-1,2011,giro-d-italia

24 May 2011,12.7,25.85,708,137,5,2011,giro-d-italia

25 May 2011,230,41.59,3852,158,2,2011,giro-d-italia

26 May 2011,151,45.157,2094,129,2,2011,giro-d-italia

27 May 2011,209,38.413,3018,213,5,2011,giro-d-italia

28 May 2011,242,38.509,3512,330,5,2011,giro-d-italia

29 May 2011,0,20.6831,,,0,2011,giro-d-italia

05 May 2012,8.7,50.032,77,0,1,2012,giro-d-italia

06 May 2012,206,42.156,671,1,1,2012,giro-d-italia

07 May 2012,190,43.698,1184,10,1,2012,giro-d-italia

-1,-1,-1,-1,-1,-1,2012,giro-d-italia

09 May 2012,33.2,53.741,199,6,1,2012,giro-d-italia

10 May 2012,209,44.272,842,35,1,2012,giro-d-italia

11 May 2012,210,37.223,3661,171,2,2012,giro-d-italia

12 May 2012,205,35.038,3855,176,3,2012,giro-d-italia

13 May 2012,229,37.532,4097,209,2,2012,giro-d-italia

14 May 2012,166,45.428,1298,30,1,2012,giro-d-italia

15 May 2012,186,42.1,2424,87,3,2012,giro-d-italia

16 May 2012,255,37.401,2167,58,2,2012,giro-d-italia

17 May 2012,155,38.926,2665,170,2,2012,giro-d-italia

18 May 2012,121,39.86,1740,65,1,2012,giro-d-italia

19 May 2012,206,37.05,3452,302,5,2012,giro-d-italia

20 May 2012,169,32.139,4075,324,5,2012,giro-d-italia

-1,-1,-1,-1,-1,-1,2012,giro-d-italia

22 May 2012,173,42.893,2579,104,2,2012,giro-d-italia

23 May 2012,186,34.372,5317,389,4,2012,giro-d-italia

24 May 2012,149,49.429,1009,20,1,2012,giro-d-italia

25 May 2012,198,31.424,5807,487,5,2012,giro-d-italia

26 May 2012,219,31.687,6068,463,5,2012,giro-d-italia

27 May 2012,0,38.2116,,,0,2012,giro-d-italia

04 May 2013,130,43.66,1114,15,1,2013,giro-d-italia

05 May 2013,17.4,47.28,307,22,1,2013,giro-d-italia

06 May 2013,222,38.74,3908,172,2,2013,giro-d-italia

07 May 2013,246,39.43,3519,191,2,2013,giro-d-italia

08 May 2013,203,43.84,1490,71,2,2013,giro-d-italia

09 May 2013,169,42.96,550,0,1,2013,giro-d-italia

10 May 2013,177,38.5,3115,178,2,2013,giro-d-italia

11 May 2013,54.8,43.01,887,62,3,2013,giro-d-italia

12 May 2013,170,37.57,3032,154,2,2013,giro-d-italia

-1,-1,-1,-1,-1,-1,2013,giro-d-italia

14 May 2013,167,36.08,3678,318,5,2013,giro-d-italia

15 May 2013,182,41.48,2824,150,3,2013,giro-d-italia

16 May 2013,134,44.23,1064,27,1,2013,giro-d-italia

17 May 2013,254,41.2,1896,87,1,2013,giro-d-italia

18 May 2013,181,38.39,2952,256,5,2013,giro-d-italia

19 May 2013,149,31.84,4069,348,5,2013,giro-d-italia

-1,-1,-1,-1,-1,-1,2013,giro-d-italia

21 May 2013,238,40.48,2803,102,2,2013,giro-d-italia

22 May 2013,214,40.69,887,65,2,2013,giro-d-italia

23 May 2013,20.6,27.79,1086,151,5,2013,giro-d-italia

24 May 2013,160,,4335,347,5,2013,giro-d-italia

25 May 2013,210,38.45,3663,272,5,2013,giro-d-italia

26 May 2013,0,41.1739,,,0,2013,giro-d-italia

09 May 2014,21.7,52.713,119,5,1,2014,giro-d-italia

10 May 2014,219,41.95,1349,11,1,2014,giro-d-italia

11 May 2014,187,41.75,1243,8,1,2014,giro-d-italia

-1,-1,-1,-1,-1,-1,2014,giro-d-italia

13 May 2014,112,47.29,309,1,1,2014,giro-d-italia

14 May 2014,203,38.96,2413,103,3,2014,giro-d-italia

15 May 2014,257,38.84,1997,84,3,2014,giro-d-italia

16 May 2014,211,40.05,2645,74,2,2014,giro-d-italia

17 May 2014,179,37.32,3515,282,5,2014,giro-d-italia

18 May 2014,172,38.82,2409,199,5,2014,giro-d-italia

-1,-1,-1,-1,-1,-1,2014,giro-d-italia

20 May 2014,173,43.03,403,9,1,2014,giro-d-italia

21 May 2014,249,42.92,3435,128,2,2014,giro-d-italia

22 May 2014,42.2,43.98,654,50,1,2014,giro-d-italia

23 May 2014,157,43.34,780,15,1,2014,giro-d-italia

24 May 2014,164,35.82,3691,284,5,2014,giro-d-italia

25 May 2014,225,40.53,2344,267,5,2014,giro-d-italia

-1,-1,-1,-1,-1,-1,2014,giro-d-italia

27 May 2014,139,29.51,4545,347,5,2014,giro-d-italia

28 May 2014,208,44.86,1823,64,1,2014,giro-d-italia

29 May 2014,171,35.4,4295,379,5,2014,giro-d-italia

30 May 2014,26.8,24.51,1679,316,5,2014,giro-d-italia

31 May 2014,167,35.54,4150,480,5,2014,giro-d-italia

01 June 2014,0,39.1598,,,0,2014,giro-d-italia

09 May 2015,17.6,54.34,83,2,1,2015,giro-d-italia

10 May 2015,177,41.93,1868,58,2,2015,giro-d-italia

11 May 2015,136,38.15,2797,117,4,2015,giro-d-italia

12 May 2015,150,39.48,3050,163,2,2015,giro-d-italia

13 May 2015,152,36.58,3066,202,5,2015,giro-d-italia

14 May 2015,183,42.28,1625,41,2,2015,giro-d-italia

15 May 2015,264,35.81,2873,112,3,2015,giro-d-italia

16 May 2015,186,38.28,3842,253,5,2015,giro-d-italia

17 May 2015,224,38.34,4264,170,4,2015,giro-d-italia

-1,-1,-1,-1,-1,-1,2015,giro-d-italia

19 May 2015,200,45.07,841,10,1,2015,giro-d-italia

20 May 2015,153,39.04,2949,136,2,2015,giro-d-italia

21 May 2015,190,43.37,1288,111,3,2015,giro-d-italia

22 May 2015,147,48.16,131,0,1,2015,giro-d-italia

23 May 2015,59.4,45.77,593,32,3,2015,giro-d-italia

24 May 2015,165,37.7,4634,329,5,2015,giro-d-italia

-1,-1,-1,-1,-1,-1,2015,giro-d-italia

26 May 2015,177,35.07,4951,371,5,2015,giro-d-italia

27 May 2015,134,42.8,1857,101,2,2015,giro-d-italia

28 May 2015,170,41.76,2195,172,4,2015,giro-d-italia

29 May 2015,236,36.85,5113,367,5,2015,giro-d-italia

30 May 2015,196,37.64,3355,319,5,2015,giro-d-italia

31 May 2015,0,39.625,,,0,2015,giro-d-italia

06 May 2016,9.8,53.21,37,0,1,2016,giro-d-italia

07 May 2016,190,40.93,732,15,1,2016,giro-d-italia

08 May 2016,190,43.22,691,6,1,2016,giro-d-italia

-1,-1,-1,-1,-1,-1,2016,giro-d-italia

10 May 2016,200,41.83,2418,121,2,2016,giro-d-italia

11 May 2016,233,41.05,3459,105,3,2016,giro-d-italia

12 May 2016,157,33.63,3749,233,5,2016,giro-d-italia

13 May 2016,211,42.04,2301,67,2,2016,giro-d-italia

14 May 2016,186,43.92,1985,112,3,2016,giro-d-italia

15 May 2016,40.5,46.96,561,34,2,2016,giro-d-italia

-1,-1,-1,-1,-1,-1,2016,giro-d-italia

17 May 2016,219,38.14,4618,261,5,2016,giro-d-italia

18 May 2016,227,45.93,777,61,2,2016,giro-d-italia

19 May 2016,182,42.66,122,0,1,2016,giro-d-italia

20 May 2016,170,37.53,3669,250,4,2016,giro-d-italia

21 May 2016,210,34.4,6001,361,4,2016,giro-d-italia

22 May 2016,10.8,22.62,785,152,5,2016,giro-d-italia

-1,-1,-1,-1,-1,-1,2016,giro-d-italia

24 May 2016,132,44.27,2737,236,4,2016,giro-d-italia

25 May 2016,196,43.32,1567,35,2,2016,giro-d-italia

26 May 2016,244,44.97,1637,139,2,2016,giro-d-italia

27 May 2016,162,37.4,3905,315,5,2016,giro-d-italia

28 May 2016,134,30.6,4500,344,5,2016,giro-d-italia

29 May 2016,0,40.0584,,,0,2016,giro-d-italia

05 May 2017,206,39.42,2176,51,2,2017,giro-d-italia

06 May 2017,221,36.3,3518,91,2,2017,giro-d-italia

07 May 2017,148,42.99,1441,41,1,2017,giro-d-italia

-1,-1,-1,-1,-1,-1,2017,giro-d-italia

09 May 2017,181,36.69,4170,298,5,2017,giro-d-italia

10 May 2017,159,43.33,1780,43,2,2017,giro-d-italia

11 May 2017,217,43.69,2247,72,2,2017,giro-d-italia

12 May 2017,224,40.08,1340,27,2,2017,giro-d-italia

13 May 2017,189,42.8,2127,110,2,2017,giro-d-italia

14 May 2017,152,40.56,2921,308,5,2017,giro-d-italia

-1,-1,-1,-1,-1,-1,2017,giro-d-italia

16 May 2017,39.8,47.18,505,35,2,2017,giro-d-italia

17 May 2017,161,36.7,3912,183,4,2017,giro-d-italia

18 May 2017,229,43.08,2407,50,2,2017,giro-d-italia

19 May 2017,167,44,399,0,1,2017,giro-d-italia

20 May 2017,131,43.05,1106,129,5,2017,giro-d-italia

21 May 2017,199,46.49,2255,129,2,2017,giro-d-italia

-1,-1,-1,-1,-1,-1,2017,giro-d-italia

23 May 2017,222,34.65,5845,329,4,2017,giro-d-italia

24 May 2017,219,38.32,4576,166,4,2017,giro-d-italia

25 May 2017,137,35.12,3961,281,5,2017,giro-d-italia

26 May 2017,191,39.11,3551,250,5,2017,giro-d-italia

27 May 2017,190,38.26,3721,227,4,2017,giro-d-italia

28 May 2017,0,39.875,,,0,2017,giro-d-italia

04 May 2018,9.7,48.37,155,9,3,2018,giro-d-italia

05 May 2018,167,43.31,988,9,2,2018,giro-d-italia

06 May 2018,229,45.47,1771,16,2,2018,giro-d-italia

-1,-1,-1,-1,-1,-1,2018,giro-d-italia

08 May 2018,202,38.17,3428,111,3,2018,giro-d-italia

09 May 2018,153,37.23,2237,97,3,2018,giro-d-italia

10 May 2018,164,38.41,3307,241,5,2018,giro-d-italia

11 May 2018,159,42.32,1023,29,1,2018,giro-d-italia

12 May 2018,209,40.25,3248,171,5,2018,giro-d-italia

13 May 2018,225,38.11,4034,240,5,2018,giro-d-italia

-1,-1,-1,-1,-1,-1,2018,giro-d-italia

15 May 2018,244,40.12,4133,118,2,2018,giro-d-italia

16 May 2018,156,45.46,2027,95,3,2018,giro-d-italia

17 May 2018,214,44.34,874,29,2,2018,giro-d-italia

18 May 2018,180,45.68,429,10,1,2018,giro-d-italia

19 May 2018,186,34.28,4477,473,5,2018,giro-d-italia

20 May 2018,176,37.99,4112,264,4,2018,giro-d-italia

-1,-1,-1,-1,-1,-1,2018,giro-d-italia

22 May 2018,34.2,51.3,223,9,1,2018,giro-d-italia

23 May 2018,155,46.51,2040,55,2,2018,giro-d-italia

24 May 2018,196,39.77,2314,185,5,2018,giro-d-italia

25 May 2018,184,35.34,5216,313,5,2018,giro-d-italia

26 May 2018,214,37.35,4254,351,5,2018,giro-d-italia

27 May 2018,0,40.1109,,,0,2018,giro-d-italia

11 May 2019,8,37.209,291,39,3,2019,giro-d-italia

12 May 2019,205,43.201,2242,69,2,2019,giro-d-italia

13 May 2019,220,40.827,1790,31,2,2019,giro-d-italia

14 May 2019,235,39.354,2995,80,3,2019,giro-d-italia

15 May 2019,140,42.916,2056,88,2,2019,giro-d-italia

16 May 2019,238,41.389,2881,99,2,2019,giro-d-italia

17 May 2019,185,45.04,2626,101,2,2019,giro-d-italia

18 May 2019,239,41.743,1998,75,2,2019,giro-d-italia

19 May 2019,34.8,40.257,723,83,3,2019,giro-d-italia

-1,-1,-1,-1,-1,-1,2019,giro-d-italia

21 May 2019,145,40.256,160,1,1,2019,giro-d-italia

22 May 2019,221,41.773,476,0,1,2019,giro-d-italia

23 May 2019,158,42.738,1918,131,4,2019,giro-d-italia

24 May 2019,196,35.139,5187,377,5,2019,giro-d-italia

25 May 2019,131,32.428,4187,330,4,2019,giro-d-italia

26 May 2019,232,39.971,3122,214,3,2019,giro-d-italia

-1,-1,-1,-1,-1,-1,2019,giro-d-italia

28 May 2019,194,34.602,5207,334,4,2019,giro-d-italia

29 May 2019,181,38.57,3482,221,5,2019,giro-d-italia

30 May 2019,222,44.99,1478,20,2,2019,giro-d-italia

31 May 2019,151,37.513,3169,215,5,2019,giro-d-italia

01 June 2019,194,33.638,5754,371,5,2019,giro-d-italia

02 June 2019,17,46.119,297,23,2,2019,giro-d-italia

03 October 2020,15.1,58.83,74,6,1,2020,giro-d-italia

04 October 2020,149,43.62,2359,92,3,2020,giro-d-italia

05 October 2020,150,37.11,3516,293,5,2020,giro-d-italia

06 October 2020,140,41.54,1791,45,4,2020,giro-d-italia

07 October 2020,225,37.57,4705,264,4,2020,giro-d-italia

08 October 2020,188,38.28,2821,107,2,2020,giro-d-italia

09 October 2020,143,51.23,450,5,1,2020,giro-d-italia

10 October 2020,200,41.36,2197,116,2,2020,giro-d-italia

11 October 2020,208,36.56,4544,222,5,2020,giro-d-italia

-1,-1,-1,-1,-1,-1,2020,giro-d-italia

13 October 2020,177,43.9,2057,134,2,2020,giro-d-italia

14 October 2020,182,44.78,1197,50,2,2020,giro-d-italia

15 October 2020,204,36.93,3815,164,2,2020,giro-d-italia

16 October 2020,192,43.92,827,86,1,2020,giro-d-italia

17 October 2020,34.1,47.95,716,63,1,2020,giro-d-italia

18 October 2020,185,37.14,4515,347,5,2020,giro-d-italia

-1,-1,-1,-1,-1,-1,2020,giro-d-italia

20 October 2020,229,37.69,4056,238,3,2020,giro-d-italia

21 October 2020,203,34.7,5650,316,5,2020,giro-d-italia

22 October 2020,207,34.21,5848,400,4,2020,giro-d-italia

23 October 2020,124,49.38,406,11,1,2020,giro-d-italia

24 October 2020,190,38.94,3716,262,5,2020,giro-d-italia

25 October 2020,0,39.2257,,,0,2020,giro-d-italia

08 May 2021,8.6,58.748,48,1,1,2021,giro-d-italia

09 May 2021,179,41.126,707,9,1,2021,giro-d-italia

10 May 2021,190,43.597,1870,103,2,2021,giro-d-italia

11 May 2021,187,37.571,3138,252,2,2021,giro-d-italia

12 May 2021,177,42.993,363,0,1,2021,giro-d-italia

13 May 2021,160,37.229,3595,221,5,2021,giro-d-italia

14 May 2021,181,38.483,1725,37,3,2021,giro-d-italia

15 May 2021,170,41.332,3085,133,3,2021,giro-d-italia

16 May 2021,158,38.167,3503,196,3,2021,giro-d-italia

17 May 2021,139,43.68,1460,60,2,2021,giro-d-italia

-1,-1,-1,-1,-1,-1,2021,giro-d-italia

19 May 2021,162,40.179,2364,174,2,2021,giro-d-italia

20 May 2021,212,36.998,4433,223,4,2021,giro-d-italia

21 May 2021,198,42.08,199,0,1,2021,giro-d-italia

22 May 2021,205,38.756,3580,341,5,2021,giro-d-italia

23 May 2021,147,42.937,1682,106,2,2021,giro-d-italia

24 May 2021,153,34.947,3942,295,4,2021,giro-d-italia

-1,-1,-1,-1,-1,-1,2021,giro-d-italia

26 May 2021,193,39.303,3703,408,5,2021,giro-d-italia

27 May 2021,231,44.04,1398,74,2,2021,giro-d-italia

28 May 2021,166,41.002,2811,292,5,2021,giro-d-italia

29 May 2021,164,36.732,3867,305,5,2021,giro-d-italia

30 May 2021,0,39.523,,,0,2021,giro-d-italia

06 May 2022,195,42.473,1390,51,3,2022,giro-d-italia

07 May 2022,9.2,46.648,81,8,1,2022,giro-d-italia

08 May 2022,201,40.654,1150,7,1,2022,giro-d-italia

-1,-1,-1,-1,-1,-1,2022,giro-d-italia

10 May 2022,172,37.916,3626,251,5,2022,giro-d-italia

11 May 2022,174,42.799,1968,31,2,2022,giro-d-italia

12 May 2022,192,38.076,1498,49,2,2022,giro-d-italia

13 May 2022,196,37.632,4730,246,4,2022,giro-d-italia

14 May 2022,153,43.122,2243,123,2,2022,giro-d-italia

15 May 2022,191,34.236,5080,458,5,2022,giro-d-italia

-1,-1,-1,-1,-1,-1,2022,giro-d-italia

17 May 2022,196,43.217,1764,86,2,2022,giro-d-italia

18 May 2022,203,47.015,369,0,1,2022,giro-d-italia

19 May 2022,204,45.88,2867,112,2,2022,giro-d-italia

20 May 2022,150,45.393,1817,51,2,2022,giro-d-italia

21 May 2022,147,39.422,3167,247,2,2022,giro-d-italia

22 May 2022,177,38.245,4019,301,5,2022,giro-d-italia

-1,-1,-1,-1,-1,-1,2022,giro-d-italia

24 May 2022,202,35.569,5268,376,4,2022,giro-d-italia

25 May 2022,168,37.656,3950,347,4,2022,giro-d-italia

26 May 2022,156,46.486,1219,34,2,2022,giro-d-italia

27 May 2022,178,39.133,3489,262,5,2022,giro-d-italia

28 May 2022,168,35.175,4718,392,5,2022,giro-d-italia

29 May 2022,0,39.8676,,,0,2022,giro-d-italia

06 May 2023,19.6,55.211,171,11,1,2023,giro-d-italia

07 May 2023,202,41.059,1831,51,2,2023,giro-d-italia

08 May 2023,213,42.362,1777,92,2,2023,giro-d-italia

09 May 2023,175,41.005,3667,207,4,2023,giro-d-italia

10 May 2023,171,37.955,2529,77,2,2023,giro-d-italia

11 May 2023,162,43.248,2581,92,2,2023,giro-d-italia

12 May 2023,218,35.479,4143,253,5,2023,giro-d-italia

13 May 2023,207,43.671,2790,180,2,2023,giro-d-italia

14 May 2023,35,50.725,84,0,1,2023,giro-d-italia

-1,-1,-1,-1,-1,-1,2023,giro-d-italia

16 May 2023,196,40.378,3020,76,2,2023,giro-d-italia

17 May 2023,219,42.52,2430,60,2,2023,giro-d-italia

18 May 2023,185,42.993,2348,112,2,2023,giro-d-italia

19 May 2023,74.6,32.827,2456,283,5,2023,giro-d-italia

20 May 2023,194,41.946,2336,68,2,2023,giro-d-italia

21 May 2023,195,37.303,4040,202,4,2023,giro-d-italia

-1,-1,-1,-1,-1,-1,2023,giro-d-italia

23 May 2023,203,34.46,5852,456,5,2023,giro-d-italia

24 May 2023,197,44.414,523,5,1,2023,giro-d-italia

25 May 2023,161,36.425,4153,362,5,2023,giro-d-italia

26 May 2023,183,33.464,5423,478,5,2023,giro-d-italia

27 May 2023,18.6,25.145,1070,197,5,2023,giro-d-italia

28 May 2023,126,44.884,692,21,1,2023,giro-d-italia

04 May 2024,140,43.214,1851,145,2,2024,giro-d-italia

05 May 2024,161,41.223,2310,222,5,2024,giro-d-italia

06 May 2024,166.3,42.535,865,35,1,2024,giro-d-italia

07 May 2024,190,44.523,2151,44,2,2024,giro-d-italia

08 May 2024,178,44.503,2197,59,2,2024,giro-d-italia

09 May 2024,180,44.788,2118,102,1,2024,giro-d-italia

10 May 2024,40.6,47.088,408,42,3,2024,giro-d-italia

11 May 2024,152,37.644,3658,265,5,2024,giro-d-italia

12 May 2024,214,45.153,1574,77,2,2024,giro-d-italia

-1,-1,-1,-1,-1,-1,2024,giro-d-italia

14 May 2024,142,38.064,3029,267,5,2024,giro-d-italia

15 May 2024,207,47.171,1830,36,1,2024,giro-d-italia

16 May 2024,193,46.744,2162,95,2,2024,giro-d-italia

17 May 2024,179,44.371,202,0,1,2024,giro-d-italia

18 May 2024,31.2,53.435,250,9,1,2024,giro-d-italia

19 May 2024,222,35.834,5724,397,5,2024,giro-d-italia

-1,-1,-1,-1,-1,-1,2024,giro-d-italia

21 May 2024,118.4,41.88,2151,234,5,2024,giro-d-italia

22 May 2024,159,35.484,4087,341,5,2024,giro-d-italia

23 May 2024,178,47.312,873,18,1,2024,giro-d-italia

24 May 2024,157,40.765,3251,258,2,2024,giro-d-italia

25 May 2024,184,36.999,4540,316,4,2024,giro-d-italia

26 May 2024,125,43.647,676,13,1,2024,giro-d-italia

09 May 2025,160,44.362,1876,79,2,2025,giro-d-italia

10 May 2025,13.7,51,141,8,2,2025,giro-d-italia

11 May 2025,160,41.778,2921,164,2,2025,giro-d-italia

-1,-1,-1,-1,-1,-1,2025,giro-d-italia

13 May 2025,189,46.792,730,5,1,2025,giro-d-italia

14 May 2025,151,43.659,1487,91,3,2025,giro-d-italia

15 May 2025,227,45.42,2496,46,2,2025,giro-d-italia

16 May 2025,168,38.707,3390,199,5,2025,giro-d-italia

17 May 2025,197,41.571,3792,161,2,2025,giro-d-italia

18 May 2025,181,42.566,2346,117,3,2025,giro-d-italia

-1,-1,-1,-1,-1,-1,2025,giro-d-italia

20 May 2025,28.6,52.8,125,0,1,2025,giro-d-italia

21 May 2025,186,40.533,3812,192,4,2025,giro-d-italia

22 May 2025,172,43.791,1666,29,1,2025,giro-d-italia

23 May 2025,180,46.875,1561,95,3,2025,giro-d-italia

24 May 2025,195,47.82,987,51,1,2025,giro-d-italia

25 May 2025,219,41.624,3865,172,2,2025,giro-d-italia

-1,-1,-1,-1,-1,-1,2025,giro-d-italia

27 May 2025,203,36.349,4737,384,5,2025,giro-d-italia

28 May 2025,155,38.945,3813,220,4,2025,giro-d-italia

29 May 2025,144,44.973,1669,51,2,2025,giro-d-italia

30 May 2025,166,34.276,4908,328,4,2025,giro-d-italia

31 May 2025,205,37.559,4399,351,5,2025,giro-d-italia

01 June 2025,143,44.614,1604,42,1,2025,giro-d-italia

26 August 2000,13.3,46.58,146,11,2,2000,vuelta-a-espana

27 August 2000,167.5,41.64,1495,20,1,2000,vuelta-a-espana

28 August 2000,198,38.52,1495,20,2,2000,vuelta-a-espana

29 August 2000,159,42.12,596,2,1,2000,vuelta-a-espana

30 August 2000,152,38.81,1113,132,4,2000,vuelta-a-espana

31 August 2000,155.5,45.01,794,12,2,2000,vuelta-a-espana

01 September 2000,175,44.62,1530,74,5,2000,vuelta-a-espana

02 September 2000,170,43.93,1269,29,4,2000,vuelta-a-espana

03 September 2000,38,50.629,167,4,2,2000,vuelta-a-espana

04 September 2000,165.8,36.28,3321,227,0,2000,vuelta-a-espana

05 September 2000,136.5,36.66,3628,379,5,2000,vuelta-a-espana

-1,-1,-1,-1,-1,-1,2000,vuelta-a-espana

07 September 2000,132,48.12,392,1,1,2000,vuelta-a-espana

-1,-1,-1,-1,-1,-1,2000,vuelta-a-espana

09 September 2000,143.3,43.93,1447,62,5,2000,vuelta-a-espana

10 September 2000,146.5,40.3,2412,258,5,2000,vuelta-a-espana

11 September 2000,164,43.12,2193,75,2,2000,vuelta-a-espana

12 September 2000,168,36.32,4005,404,5,2000,vuelta-a-espana

13 September 2000,155.5,45.61,632,4,1,2000,vuelta-a-espana

14 September 2000,160,41.22,2713,143,2,2000,vuelta-a-espana

15 September 2000,130,40.45,919,22,1,2000,vuelta-a-espana

16 September 2000,125,38.13,2376,172,5,2000,vuelta-a-espana

17 September 2000,0,41.0648,,,0,2000,vuelta-a-espana

08 September 2001,12.3,49.42,95,2,1,2001,vuelta-a-espana

09 September 2001,147.2,41.181,673,12,1,2001,vuelta-a-espana

10 September 2001,140.5,46.108,567,3,1,2001,vuelta-a-espana

11 September 2001,175,42.039,1942,50,2,2001,vuelta-a-espana

12 September 2001,160.8,37.306,2946,282,5,2001,vuelta-a-espana

13 September 2001,180.6,44.666,2382,107,2,2001,vuelta-a-espana

14 September 2001,44.2,48.087,516,33,2,2001,vuelta-a-espana

15 September 2001,195,41.338,2472,163,5,2001,vuelta-a-espana

16 September 2001,179.2,55.176,650,2,1,2001,vuelta-a-espana

-1,-1,-1,-1,-1,-1,2001,vuelta-a-espana

18 September 2001,168.4,38.804,3669,208,5,2001,vuelta-a-espana

19 September 2001,154.2,37.236,3728,252,5,2001,vuelta-a-espana

20 September 2001,17.1,28.007,943,142,5,2001,vuelta-a-espana

21 September 2001,206,46.099,2050,53,2,2001,vuelta-a-espana

22 September 2001,170.5,43.323,1376,20,1,2001,vuelta-a-espana

23 September 2001,207.2,36.108,3575,257,5,2001,vuelta-a-espana

-1,-1,-1,-1,-1,-1,2001,vuelta-a-espana

25 September 2001,153.3,48.019,1118,51,2,2001,vuelta-a-espana

26 September 2001,159.5,48.147,1387,9,1,2001,vuelta-a-espana

27 September 2001,154.2,49.348,1197,42,1,2001,vuelta-a-espana

28 September 2001,168,43.909,1874,72,1,2001,vuelta-a-espana

29 September 2001,176.3,39.894,2991,218,5,2001,vuelta-a-espana

30 September 2001,0,42.4678,,,0,2001,vuelta-a-espana

-1,-1,-1,-1,-1,-1,2002,vuelta-a-espana

08 September 2002,144.7,36.24,1892,87,2,2002,vuelta-a-espana

09 September 2002,134.2,42.92,721,4,1,2002,vuelta-a-espana

10 September 2002,149.5,42.01,1254,23,1,2002,vuelta-a-espana

11 September 2002,198,34.34,4874,295,5,2002,vuelta-a-espana

12 September 2002,153.1,38.77,2817,247,5,2002,vuelta-a-espana

13 September 2002,196.8,43.13,2014,45,1,2002,vuelta-a-espana

14 September 2002,173.5,40.26,3155,147,4,2002,vuelta-a-espana

15 September 2002,130.2,46.26,1330,83,2,2002,vuelta-a-espana

16 September 2002,36.5,48.1,355,9,1,2002,vuelta-a-espana

-1,-1,-1,-1,-1,-1,2002,vuelta-a-espana

18 September 2002,166.1,42.25,2609,103,4,2002,vuelta-a-espana

19 September 2002,210.5,49.23,1204,20,1,2002,vuelta-a-espana

20 September 2002,189.8,45.307,2208,72,2,2002,vuelta-a-espana

21 September 2002,190.2,44.34,2003,54,2,2002,vuelta-a-espana

22 September 2002,176.7,35.22,4541,463,5,2002,vuelta-a-espana

23 September 2002,154.7,43.76,2373,94,2,2002,vuelta-a-espana

24 September 2002,145.6,49.08,833,17,1,2002,vuelta-a-espana

25 September 2002,193.7,38.19,3989,282,5,2002,vuelta-a-espana

26 September 2002,177.8,40.34,3005,117,2,2002,vuelta-a-espana

27 September 2002,141.2,47.032,1059,16,1,2002,vuelta-a-espana

28 September 2002,41.2,51.61,373,6,1,2002,vuelta-a-espana

06 September 2003,30,56.22,217,8,1,2003,vuelta-a-espana

07 September 2003,148,42.79,2045,122,4,2003,vuelta-a-espana

08 September 2003,154.3,45.33,1786,45,1,2003,vuelta-a-espana

09 September 2003,151,43.8,2287,69,2,2003,vuelta-a-espana

10 September 2003,166.7,50.15,835,8,1,2003,vuelta-a-espana

11 September 2003,43.8,49.06,305,3,1,2003,vuelta-a-espana

12 September 2003,190,37.84,4432,285,5,2003,vuelta-a-espana

13 September 2003,166,34.87,4060,238,5,2003,vuelta-a-espana

14 September 2003,174.8,36.34,4201,266,5,2003,vuelta-a-espana

15 September 2003,194,46.4,2237,76,1,2003,vuelta-a-espana

16 September 2003,162,49.85,1468,48,1,2003,vuelta-a-espana

17 September 2003,168.8,45.66,743,9,1,2003,vuelta-a-espana

18 September 2003,53.3,51.54,155,5,1,2003,vuelta-a-espana

19 September 2003,167.4,45.01,910,8,1,2003,vuelta-a-espana

20 September 2003,172.1,39.62,2505,225,5,2003,vuelta-a-espana

21 September 2003,162,38.94,3368,249,5,2003,vuelta-a-espana

22 September 2003,188.4,47.49,1857,94,2,2003,vuelta-a-espana

23 September 2003,143.8,45.95,1818,55,1,2003,vuelta-a-espana

24 September 2003,164,42.54,2579,107,4,2003,vuelta-a-espana

25 September 2003,11.2,26.74,617,99,5,2003,vuelta-a-espana

26 September 2003,0,42.5333,,,0,2003,vuelta-a-espana

04 September 2004,28,54.634,186,6,1,2004,vuelta-a-espana

05 September 2004,207,41.11,1070,15,1,2004,vuelta-a-espana

06 September 2004,157,42.19,1332,26,3,2004,vuelta-a-espana

07 September 2004,167,38.1,797,7,1,2004,vuelta-a-espana

08 September 2004,186.5,36.36,2240,121,3,2004,vuelta-a-espana

09 September 2004,157,41.25,1931,65,2,2004,vuelta-a-espana

10 September 2004,165,42.48,1513,23,1,2004,vuelta-a-espana

11 September 2004,40.1,50.9,72,0,1,2004,vuelta-a-espana

12 September 2004,162,37.83,3954,279,5,2004,vuelta-a-espana

13 September 2004,174.5,38.5,2573,184,4,2004,vuelta-a-espana

14 September 2004,165,40.32,1170,8,1,2004,vuelta-a-espana

-1,-1,-1,-1,-1,-1,2004,vuelta-a-espana

16 September 2004,145,33.53,4254,301,5,2004,vuelta-a-espana

17 September 2004,172,42.66,1804,48,1,2004,vuelta-a-espana

18 September 2004,167,40.64,2835,159,4,2004,vuelta-a-espana

19 September 2004,29.6,28.42,1487,214,5,2004,vuelta-a-espana

-1,-1,-1,-1,-1,-1,2004,vuelta-a-espana

21 September 2004,190,43.95,732,9,1,2004,vuelta-a-espana

22 September 2004,170,34.92,4216,305,5,2004,vuelta-a-espana

23 September 2004,196,38.81,3614,143,4,2004,vuelta-a-espana

24 September 2004,142,39.9,2608,119,2,2004,vuelta-a-espana

25 September 2004,178,36.53,3628,183,5,2004,vuelta-a-espana

26 September 2004,0,38.949,,,0,2004,vuelta-a-espana

27 August 2005,7,43.08,162,28,1,2005,vuelta-a-espana

28 August 2005,189.3,38.98,2065,100,2,2005,vuelta-a-espana

29 August 2005,153.3,40.22,2029,60,1,2005,vuelta-a-espana

30 August 2005,232.3,40.82,1119,9,1,2005,vuelta-a-espana

31 August 2005,176,47.6,1470,40,1,2005,vuelta-a-espana

01 September 2005,217,39.78,3559,217,5,2005,vuelta-a-espana

02 September 2005,212.5,39.68,2754,63,1,2005,vuelta-a-espana

03 September 2005,189,43.74,1671,21,1,2005,vuelta-a-espana

04 September 2005,48,47.29,606,34,1,2005,vuelta-a-espana

05 September 2005,206.3,37.08,4570,287,5,2005,vuelta-a-espana

06 September 2005,192.6,37.32,4757,331,5,2005,vuelta-a-espana

-1,-1,-1,-1,-1,-1,2005,vuelta-a-espana

08 September 2005,133,41.22,1680,45,1,2005,vuelta-a-espana

09 September 2005,196,48.26,2334,118,5,2005,vuelta-a-espana

10 September 2005,172.3,38.92,3655,298,5,2005,vuelta-a-espana

11 September 2005,191,39,3940,228,5,2005,vuelta-a-espana

-1,-1,-1,-1,-1,-1,2005,vuelta-a-espana

13 September 2005,162.5,44.13,732,16,1,2005,vuelta-a-espana

14 September 2005,165.6,43.01,2973,149,4,2005,vuelta-a-espana

15 September 2005,197.5,38.78,3625,134,4,2005,vuelta-a-espana

16 September 2005,142.9,42.78,2287,67,2,2005,vuelta-a-espana

17 September 2005,38.9,56.22,201,7,1,2005,vuelta-a-espana

18 September 2005,0,40.776,,,0,2005,vuelta-a-espana

26 August 2006,7.3,57.632,9,0,1,2006,vuelta-a-espana

27 August 2006,167,38.61,2099,42,1,2006,vuelta-a-espana

28 August 2006,220,38.4,2570,46,1,2006,vuelta-a-espana

29 August 2006,142,41.608,1005,17,1,2006,vuelta-a-espana

30 August 2006,178,35.316,4451,324,5,2006,vuelta-a-espana

31 August 2006,177,42.622,732,1,1,2006,vuelta-a-espana

01 September 2006,154,38.327,2583,246,5,2006,vuelta-a-espana

02 September 2006,181.6,44.99,2290,77,3,2006,vuelta-a-espana

03 September 2006,207.4,35.482,5856,414,5,2006,vuelta-a-espana

-1,-1,-1,-1,-1,-1,2006,vuelta-a-espana

05 September 2006,199.3,43.68,2355,78,3,2006,vuelta-a-espana

06 September 2006,173.6,39.98,3158,94,2,2006,vuelta-a-espana

07 September 2006,169.3,47.221,1866,44,1,2006,vuelta-a-espana

08 September 2006,180,44.314,2541,72,2,2006,vuelta-a-espana

09 September 2006,33,48.411,429,29,1,2006,vuelta-a-espana

10 September 2006,182,41.221,1571,34,1,2006,vuelta-a-espana

-1,-1,-1,-1,-1,-1,2006,vuelta-a-espana

12 September 2006,145,32.258,4567,355,5,2006,vuelta-a-espana

13 September 2006,167,40.093,3598,195,4,2006,vuelta-a-espana

14 September 2006,153,38.628,2987,63,5,2006,vuelta-a-espana

15 September 2006,205.3,37.301,2998,255,1,2006,vuelta-a-espana

16 September 2006,27.5,49.034,356,19,1,2006,vuelta-a-espana

17 September 2006,0,39.4508,,,0,2006,vuelta-a-espana

01 September 2007,146.4,39.36,2160,72,2,2007,vuelta-a-espana

02 September 2007,148.7,42.27,2334,79,2,2007,vuelta-a-espana

03 September 2007,153,36.91,2789,133,3,2007,vuelta-a-espana

04 September 2007,185.1,39.67,3119,262,5,2007,vuelta-a-espana

05 September 2007,157.4,38.1,3374,162,4,2007,vuelta-a-espana

06 September 2007,184.3,41.86,1570,31,1,2007,vuelta-a-espana

07 September 2007,176.3,45.58,1792,30,1,2007,vuelta-a-espana

08 September 2007,49,51.5,97,3,1,2007,vuelta-a-espana

09 September 2007,167.6,37.47,3893,289,5,2007,vuelta-a-espana

10 September 2007,214,36.99,4578,266,5,2007,vuelta-a-espana

-1,-1,-1,-1,-1,-1,2007,vuelta-a-espana

12 September 2007,191.3,40.19,1755,30,1,2007,vuelta-a-espana

13 September 2007,176,47.78,1750,27,1,2007,vuelta-a-espana

14 September 2007,176.4,43.76,1240,19,1,2007,vuelta-a-espana

15 September 2007,207,38.65,3664,119,2,2007,vuelta-a-espana

16 September 2007,201.4,42.25,3301,170,4,2007,vuelta-a-espana

-1,-1,-1,-1,-1,-1,2007,vuelta-a-espana

18 September 2007,161.5,40.27,2827,120,2,2007,vuelta-a-espana

19 September 2007,175,44.31,1116,13,1,2007,vuelta-a-espana

20 September 2007,153.5,41.16,2895,102,2,2007,vuelta-a-espana

21 September 2007,133,36.77,3294,256,5,2007,vuelta-a-espana

22 September 2007,20,54.09,199,10,1,2007,vuelta-a-espana

23 September 2007,0,40.5148,,,0,2007,vuelta-a-espana

30 August 2008,7.7,55.33,53,0,1,2008,vuelta-a-espana

31 August 2008,167.3,38.17,2224,74,3,2008,vuelta-a-espana

01 September 2008,168.3,38.05,2142,89,2,2008,vuelta-a-espana

02 September 2008,170.3,38.14,2760,78,1,2008,vuelta-a-espana

03 September 2008,42.5,50.05,215,2,1,2008,vuelta-a-espana

04 September 2008,150.1,45.15,1142,52,3,2008,vuelta-a-espana

-1,-1,-1,-1,-1,-1,2008,vuelta-a-espana

06 September 2008,223.2,35.631,4842,303,5,2008,vuelta-a-espana

07 September 2008,151,34.193,3571,228,4,2008,vuelta-a-espana

08 September 2008,200.8,40.516,3319,100,2,2008,vuelta-a-espana

09 September 2008,151.3,44.863,1225,32,1,2008,vuelta-a-espana

10 September 2008,178,41.161,2019,41,2,2008,vuelta-a-espana

11 September 2008,186.4,39.557,2900,134,2,2008,vuelta-a-espana

-1,-1,-1,-1,-1,-1,2008,vuelta-a-espana

13 September 2008,209.5,35.651,4413,445,5,2008,vuelta-a-espana

14 September 2008,158.4,37.123,3589,228,5,2008,vuelta-a-espana

15 September 2008,202,40.073,3130,126,2,2008,vuelta-a-espana

16 September 2008,186.4,34.812,1481,35,1,2008,vuelta-a-espana

17 September 2008,148.2,44.728,915,21,1,2008,vuelta-a-espana

18 September 2008,167.4,43.05,1448,41,2,2008,vuelta-a-espana

19 September 2008,145.5,42.164,2446,91,2,2008,vuelta-a-espana

20 September 2008,17.1,30.997,724,102,5,2008,vuelta-a-espana

21 September 2008,0,38.8375,,,0,2008,vuelta-a-espana

29 August 2009,4.8,54,13,0,1,2009,vuelta-a-espana

30 August 2009,203.7,43.16,355,0,1,2009,vuelta-a-espana

31 August 2009,189.7,40.5,601,4,1,2009,vuelta-a-espana

01 September 2009,225.5,39.436,1888,51,1,2009,vuelta-a-espana

-1,-1,-1,-1,-1,-1,2009,vuelta-a-espana

03 September 2009,174,38.97,1802,31,1,2009,vuelta-a-espana

04 September 2009,185.7,39.675,2308,83,1,2009,vuelta-a-espana

05 September 2009,30.3,49.56,40,0,1,2009,vuelta-a-espana

06 September 2009,204.7,33.66,5017,320,5,2009,vuelta-a-espana

07 September 2009,188.8,35.28,3873,231,4,2009,vuelta-a-espana

08 September 2009,162,41.131,1529,52,2,2009,vuelta-a-espana

09 September 2009,191,36.829,3226,108,2,2009,vuelta-a-espana

-1,-1,-1,-1,-1,-1,2009,vuelta-a-espana

11 September 2009,179.3,32.16,5234,333,5,2009,vuelta-a-espana

12 September 2009,172.4,33.44,4763,347,5,2009,vuelta-a-espana

13 September 2009,157,38.546,3197,279,5,2009,vuelta-a-espana

14 September 2009,167.7,39.78,2048,109,2,2009,vuelta-a-espana

15 September 2009,170.3,35.146,2760,78,2,2009,vuelta-a-espana

16 September 2009,175,39.145,1337,22,1,2009,vuelta-a-espana

17 September 2009,165,38.19,3363,161,4,2009,vuelta-a-espana

18 September 2009,179.8,40.636,3363,174,4,2009,vuelta-a-espana

19 September 2009,27.8,46.48,310,28,1,2009,vuelta-a-espana

20 September 2009,0,37.3442,,,0,2009,vuelta-a-espana

28 August 2010,13,55.32,33,0,1,2010,vuelta-a-espana

29 August 2010,173,37.652,2506,80,1,2010,vuelta-a-espana

30 August 2010,156,38.018,2868,178,3,2010,vuelta-a-espana

31 August 2010,177,35.343,3442,171,3,2010,vuelta-a-espana

01 September 2010,194,38.34,1763,23,1,2010,vuelta-a-espana

02 September 2010,144,39.938,1243,56,2,2010,vuelta-a-espana

03 September 2010,187.1,40.644,1161,36,1,2010,vuelta-a-espana

04 September 2010,188.8,36.02,3870,230,4,2010,vuelta-a-espana

05 September 2010,187,34.97,4329,238,2,2010,vuelta-a-espana

-1,-1,-1,-1,-1,-1,2010,vuelta-a-espana

07 September 2010,173.7,41.11,2459,126,2,2010,vuelta-a-espana

08 September 2010,208,38.314,4199,234,5,2010,vuelta-a-espana

09 September 2010,196,48.898,2133,67,1,2010,vuelta-a-espana

10 September 2010,193.7,40.034,2305,53,1,2010,vuelta-a-espana

11 September 2010,178.8,40.222,3248,236,5,2010,vuelta-a-espana

12 September 2010,170,37.19,2673,230,5,2010,vuelta-a-espana

13 September 2010,181.4,37.276,4431,340,5,2010,vuelta-a-espana

-1,-1,-1,-1,-1,-1,2010,vuelta-a-espana

15 September 2010,46,52.36,101,0,1,2010,vuelta-a-espana

16 September 2010,148.9,43.121,964,4,1,2010,vuelta-a-espana

17 September 2010,200,34.916,2554,57,1,2010,vuelta-a-espana

18 September 2010,168.8,35.479,4189,323,5,2010,vuelta-a-espana

19 September 2010,0,38.5962,,,0,2010,vuelta-a-espana

20 August 2011,13.5,49.09,154,12,1,2011,vuelta-a-espana

21 August 2011,171.5,40.885,1305,27,1,2011,vuelta-a-espana

22 August 2011,164,41.34,1956,82,2,2011,vuelta-a-espana

23 August 2011,170.2,34.99,3687,250,5,2011,vuelta-a-espana

24 August 2011,187,39.66,3510,170,3,2011,vuelta-a-espana

25 August 2011,193.4,41.69,2181,91,2,2011,vuelta-a-espana

26 August 2011,185,38.544,2128,44,2,2011,vuelta-a-espana

27 August 2011,183,37.99,3835,218,3,2011,vuelta-a-espana

28 August 2011,179.5,36.854,2741,227,5,2011,vuelta-a-espana

29 August 2011,47,50.45,414,6,1,2011,vuelta-a-espana

-1,-1,-1,-1,-1,-1,2011,vuelta-a-espana

31 August 2011,171,36.906,4166,295,5,2011,vuelta-a-espana

01 September 2011,160,39.503,2433,61,3,2011,vuelta-a-espana

02 September 2011,150,34.662,3923,189,4,2011,vuelta-a-espana

03 September 2011,173.2,37.25,3631,360,5,2011,vuelta-a-espana

04 September 2011,144,35.712,3765,438,5,2011,vuelta-a-espana

-1,-1,-1,-1,-1,-1,2011,vuelta-a-espana

06 September 2011,180,38.307,1044,9,1,2011,vuelta-a-espana

07 September 2011,212.5,43.57,3207,203,5,2011,vuelta-a-espana

08 September 2011,169.7,38.466,3618,158,2,2011,vuelta-a-espana

09 September 2011,157.9,40.562,2708,168,2,2011,vuelta-a-espana

10 September 2011,187,40.167,3206,124,2,2011,vuelta-a-espana

11 September 2011,0,38.743,,,0,2011,vuelta-a-espana

18 August 2012,16.2,51.565,143,4,1,2012,vuelta-a-espana

19 August 2012,180,38.756,1915,40,2,2012,vuelta-a-espana

20 August 2012,153,39.98,2470,162,4,2012,vuelta-a-espana

21 August 2012,155.4,34.478,2870,144,5,2012,vuelta-a-espana

22 August 2012,172,41.178,1079,8,1,2012,vuelta-a-espana

23 August 2012,174.8,38.087,2291,133,3,2012,vuelta-a-espana

24 August 2012,160,42.013,1300,32,2,2012,vuelta-a-espana

25 August 2012,175,42.57,3565,257,5,2012,vuelta-a-espana

26 August 2012,194,40.775,2442,80,3,2012,vuelta-a-espana

-1,-1,-1,-1,-1,-1,2012,vuelta-a-espana

28 August 2012,166.4,34.739,2240,47,1,2012,vuelta-a-espana

29 August 2012,39.4,44.943,738,55,2,2012,vuelta-a-espana

30 August 2012,184.6,41.87,2589,101,3,2012,vuelta-a-espana

31 August 2012,172.7,42.288,2443,89,1,2012,vuelta-a-espana

01 September 2012,152,36.412,3951,354,5,2012,vuelta-a-espana

02 September 2012,186.7,37.169,3549,305,5,2012,vuelta-a-espana

03 September 2012,185,34.855,5159,438,5,2012,vuelta-a-espana

-1,-1,-1,-1,-1,-1,2012,vuelta-a-espana

05 September 2012,187.3,41.73,3834,208,5,2012,vuelta-a-espana

06 September 2012,186.4,43.47,1082,19,1,2012,vuelta-a-espana

07 September 2012,178.4,36.111,1719,66,3,2012,vuelta-a-espana

08 September 2012,169.5,35.21,4291,337,5,2012,vuelta-a-espana

09 September 2012,0,38.8281,,,0,2012,vuelta-a-espana

24 August 2013,27.4,54.83,291,11,1,2013,vuelta-a-espana

25 August 2013,177.7,38.47,2317,132,5,2013,vuelta-a-espana

26 August 2013,184.8,41.02,1878,70,3,2013,vuelta-a-espana

27 August 2013,189,40.82,2799,107,3,2013,vuelta-a-espana

28 August 2013,174.3,38.97,3200,113,2,2013,vuelta-a-espana

29 August 2013,175,44.82,1620,37,1,2013,vuelta-a-espana

30 August 2013,205.9,42.39,1779,28,1,2013,vuelta-a-espana

31 August 2013,166.6,40.02,2680,213,5,2013,vuelta-a-espana

01 September 2013,163.7,37.93,2677,123,3,2013,vuelta-a-espana

02 September 2013,178,39.5,3755,357,5,2013,vuelta-a-espana

-1,-1,-1,-1,-1,-1,2013,vuelta-a-espana

04 September 2013,38.8,45.65,687,47,2,2013,vuelta-a-espana

05 September 2013,164.2,40.42,1765,31,1,2013,vuelta-a-espana

06 September 2013,169,42.21,2392,106,4,2013,vuelta-a-espana

07 September 2013,155.7,35.39,3340,273,5,2013,vuelta-a-espana

08 September 2013,224.9,35.49,5278,407,5,2013,vuelta-a-espana

09 September 2013,146.8,39.41,3220,211,5,2013,vuelta-a-espana

-1,-1,-1,-1,-1,-1,2013,vuelta-a-espana

11 September 2013,189,39.86,2080,50,2,2013,vuelta-a-espana

12 September 2013,186.5,39.02,3879,326,5,2013,vuelta-a-espana

13 September 2013,181,42.39,3052,190,5,2013,vuelta-a-espana

14 September 2013,142.2,36.21,3728,439,5,2013,vuelta-a-espana

15 September 2013,0,39.5949,,,0,2013,vuelta-a-espana

23 August 2014,12.6,53.177,96,0,1,2014,vuelta-a-espana

24 August 2014,174.4,43.33,1308,17,1,2014,vuelta-a-espana

25 August 2014,197.8,38.01,2917,107,3,2014,vuelta-a-espana

26 August 2014,164.7,40.68,1474,81,1,2014,vuelta-a-espana

27 August 2014,180,38.33,2149,72,1,2014,vuelta-a-espana

28 August 2014,167.1,36.4,2977,175,3,2014,vuelta-a-espana

29 August 2014,169,41.92,2744,126,3,2014,vuelta-a-espana

30 August 2014,207,46.17,1663,14,1,2014,vuelta-a-espana

31 August 2014,185,40.48,3080,203,5,2014,vuelta-a-espana

-1,-1,-1,-1,-1,-1,2014,vuelta-a-espana

02 September 2014,36.7,46.82,444,34,1,2014,vuelta-a-espana

03 September 2014,153.4,41.64,2432,211,5,2014,vuelta-a-espana

04 September 2014,166.4,39.73,1070,11,1,2014,vuelta-a-espana

05 September 2014,188.7,43.37,3236,207,2,2014,vuelta-a-espana

06 September 2014,200.8,37.87,4198,228,5,2014,vuelta-a-espana

07 September 2014,152.2,36.36,2976,287,5,2014,vuelta-a-espana

08 September 2014,160.5,32.8,4908,434,5,2014,vuelta-a-espana

-1,-1,-1,-1,-1,-1,2014,vuelta-a-espana

10 September 2014,190.7,43,2761,94,1,2014,vuelta-a-espana

11 September 2014,157,41.45,2384,172,3,2014,vuelta-a-espana

12 September 2014,180.5,41.34,2319,122,2,2014,vuelta-a-espana

13 September 2014,185.7,35.74,4447,395,5,2014,vuelta-a-espana

14 September 2014,0,39.7899,,,0,2014,vuelta-a-espana

22 August 2015,7.4,54.37,17,0,1,2015,vuelta-a-espana

23 August 2015,158.7,40.11,2597,147,3,2015,vuelta-a-espana

24 August 2015,158.4,38.51,2613,104,2,2015,vuelta-a-espana

25 August 2015,209.6,40.9,2141,83,3,2015,vuelta-a-espana

26 August 2015,167.3,42.27,816,9,1,2015,vuelta-a-espana

27 August 2015,200.3,41.98,2908,112,3,2015,vuelta-a-espana

28 August 2015,191.1,36.94,3318,204,5,2015,vuelta-a-espana

29 August 2015,182.5,44.5,1386,83,2,2015,vuelta-a-espana

30 August 2015,168.3,40.41,2044,139,3,2015,vuelta-a-espana

31 August 2015,146.6,45.64,1520,63,2,2015,vuelta-a-espana

-1,-1,-1,-1,-1,-1,2015,vuelta-a-espana

02 September 2015,138,30.12,5421,515,5,2015,vuelta-a-espana

03 September 2015,173,42.86,2174,62,2,2015,vuelta-a-espana

04 September 2015,178,42.04,2673,78,2,2015,vuelta-a-espana

05 September 2015,215,37.59,3941,243,5,2015,vuelta-a-espana

06 September 2015,175.8,38.56,3740,309,5,2015,vuelta-a-espana

07 September 2015,185,31.72,5207,484,5,2015,vuelta-a-espana

-1,-1,-1,-1,-1,-1,2015,vuelta-a-espana

09 September 2015,38.7,50.46,328,17,1,2015,vuelta-a-espana

10 September 2015,204,40.27,3218,142,2,2015,vuelta-a-espana

11 September 2015,185.8,42.99,2331,85,3,2015,vuelta-a-espana

12 September 2015,175.8,38.07,3812,187,4,2015,vuelta-a-espana

13 September 2015,98.8,38.44,726,6,1,2015,vuelta-a-espana

20 August 2016,27.8,54.48,362,14,1,2016,vuelta-a-espana

21 August 2016,160.8,37.59,2168,69,2,2016,vuelta-a-espana

22 August 2016,176.4,39.4,2983,177,3,2016,vuelta-a-espana

23 August 2016,163.5,39.99,3196,180,3,2016,vuelta-a-espana

24 August 2016,171.3,40.04,2467,73,2,2016,vuelta-a-espana

25 August 2016,163.2,39.97,2824,159,2,2016,vuelta-a-espana

26 August 2016,158.5,40.34,2616,104,2,2016,vuelta-a-espana

27 August 2016,181.5,43.65,1279,119,5,2016,vuelta-a-espana

28 August 2016,164.5,43.3,2780,193,3,2016,vuelta-a-espana

29 August 2016,188.7,38.97,3899,319,5,2016,vuelta-a-espana

-1,-1,-1,-1,-1,-1,2016,vuelta-a-espana

31 August 2016,168.6,45,2351,160,5,2016,vuelta-a-espana

01 September 2016,193.2,42.66,2996,143,2,2016,vuelta-a-espana

02 September 2016,213.4,38.91,3716,160,2,2016,vuelta-a-espana

03 September 2016,196,34.25,5575,419,5,2016,vuelta-a-espana

04 September 2016,118.5,40.74,3877,334,5,2016,vuelta-a-espana

05 September 2016,156.4,46.62,1514,24,2,2016,vuelta-a-espana

-1,-1,-1,-1,-1,-1,2016,vuelta-a-espana

07 September 2016,177.5,38.78,3460,229,5,2016,vuelta-a-espana

08 September 2016,200.6,40.87,2550,49,2,2016,vuelta-a-espana

09 September 2016,37,47.69,446,19,1,2016,vuelta-a-espana

10 September 2016,193.2,36.26,5036,349,5,2016,vuelta-a-espana

11 September 2016,0,39.6824,,,0,2016,vuelta-a-espana

19 August 2017,13.7,51.48,122,1,1,2017,vuelta-a-espana

20 August 2017,203.4,44.18,588,5,1,2017,vuelta-a-espana

21 August 2017,158.5,39.4,3623,244,4,2017,vuelta-a-espana

22 August 2017,198.2,41.88,1835,36,2,2017,vuelta-a-espana

23 August 2017,157.7,35.71,2909,156,3,2017,vuelta-a-espana

24 August 2017,204.4,42.73,2704,106,2,2017,vuelta-a-espana

25 August 2017,207,43.8,3034,81,2,2017,vuelta-a-espana

26 August 2017,199.5,43.07,2593,163,2,2017,vuelta-a-espana

27 August 2017,174,42.23,2041,151,3,2017,vuelta-a-espana

-1,-1,-1,-1,-1,-1,2017,vuelta-a-espana

29 August 2017,164.8,46,1568,106,2,2017,vuelta-a-espana

30 August 2017,187.5,36.87,3878,296,5,2017,vuelta-a-espana

31 August 2017,160.1,40.57,2681,188,2,2017,vuelta-a-espana

01 September 2017,198.4,44.88,1938,39,2,2017,vuelta-a-espana

02 September 2017,175,37.21,3723,285,5,2017,vuelta-a-espana

03 September 2017,129.4,36.14,3549,367,5,2017,vuelta-a-espana

-1,-1,-1,-1,-1,-1,2017,vuelta-a-espana

05 September 2017,40.2,51.32,411,22,1,2017,vuelta-a-espana

06 September 2017,180.5,37.49,4022,328,4,2017,vuelta-a-espana

07 September 2017,169,40.62,3476,213,3,2017,vuelta-a-espana

08 September 2017,149.7,41.63,2484,134,2,2017,vuelta-a-espana

09 September 2017,117.5,33.33,3817,504,5,2017,vuelta-a-espana

10 September 2017,0,40.0702,,,0,2017,vuelta-a-espana

25 August 2018,8,49.74,66,6,1,2018,vuelta-a-espana

26 August 2018,163.5,38.77,2826,115,2,2018,vuelta-a-espana

27 August 2018,178.2,37.1,3160,114,4,2018,vuelta-a-espana

28 August 2018,161.4,35.45,3300,193,5,2018,vuelta-a-espana

29 August 2018,188.7,41,3178,116,4,2018,vuelta-a-espana

30 August 2018,155.7,39.16,1399,41,2,2018,vuelta-a-espana

31 August 2018,185.7,43.13,2535,117,2,2018,vuelta-a-espana

01 September 2018,195.1,42.43,2112,48,3,2018,vuelta-a-espana

02 September 2018,200.8,36.44,4399,276,5,2018,vuelta-a-espana

-1,-1,-1,-1,-1,-1,2018,vuelta-a-espana

04 September 2018,177,42.8,1306,27,1,2018,vuelta-a-espana

05 September 2018,207.8,42.61,3755,174,2,2018,vuelta-a-espana

06 September 2018,181.1,41.32,3021,126,2,2018,vuelta-a-espana

07 September 2018,174.8,40.8,3334,194,5,2018,vuelta-a-espana

08 September 2018,171,39.55,3314,286,4,2018,vuelta-a-espana

09 September 2018,178.2,35.43,4586,390,5,2018,vuelta-a-espana

-1,-1,-1,-1,-1,-1,2018,vuelta-a-espana

11 September 2018,32,50.59,501,29,1,2018,vuelta-a-espana

12 September 2018,157,37.71,3574,298,5,2018,vuelta-a-espana

13 September 2018,186.1,47.1,1040,12,1,2018,vuelta-a-espana

14 September 2018,154.4,41.71,3183,239,5,2018,vuelta-a-espana

15 September 2018,97.3,32.52,3429,341,5,2018,vuelta-a-espana

16 September 2018,0,39.779,,,0,2018,vuelta-a-espana

24 August 2019,13.4,54.141,107,2,1,2019,vuelta-a-espana

25 August 2019,199.6,38.473,3238,113,4,2019,vuelta-a-espana

26 August 2019,188,42.561,1730,65,2,2019,vuelta-a-espana

27 August 2019,175.5,43.109,1233,27,2,2019,vuelta-a-espana

28 August 2019,170.7,34.31,3764,270,5,2019,vuelta-a-espana

29 August 2019,198.9,42.033,3294,151,3,2019,vuelta-a-espana

30 August 2019,183.2,40.09,2842,242,5,2019,vuelta-a-espana

31 August 2019,166.9,43.388,2291,95,2,2019,vuelta-a-espana

01 September 2019,94.4,31.793,3300,394,5,2019,vuelta-a-espana

-1,-1,-1,-1,-1,-1,2019,vuelta-a-espana

03 September 2019,36.2,46.131,525,49,2,2019,vuelta-a-espana

04 September 2019,180,39.027,3168,137,4,2019,vuelta-a-espana

05 September 2019,171.4,45.046,2072,160,2,2019,vuelta-a-espana

06 September 2019,166.4,37.194,4179,287,5,2019,vuelta-a-espana

07 September 2019,188,41.969,2432,63,3,2019,vuelta-a-espana

08 September 2019,154.4,35.759,4114,368,5,2019,vuelta-a-espana

09 September 2019,144.4,35.896,4114,326,5,2019,vuelta-a-espana

-1,-1,-1,-1,-1,-1,2019,vuelta-a-espana

11 September 2019,219.6,50.63,2395,57,3,2019,vuelta-a-espana

12 September 2019,178.2,39.143,3689,162,5,2019,vuelta-a-espana

13 September 2019,165.2,44.336,1771,48,3,2019,vuelta-a-espana

14 September 2019,190.4,36.08,4559,242,5,2019,vuelta-a-espana

15 September 2019,0,39.5942,0,0,0,2019,vuelta-a-espana

20 October 2020,173,39.53,2975,209,2,2020,vuelta-a-espana

21 October 2020,151.6,40.06,2435,171,4,2020,vuelta-a-espana

22 October 2020,166.1,37.21,2779,117,5,2020,vuelta-a-espana

23 October 2020,191.7,49.26,1160,15,1,2020,vuelta-a-espana

24 October 2020,184.4,42.65,3407,185,3,2020,vuelta-a-espana

25 October 2020,146.4,39.75,3020,185,5,2020,vuelta-a-espana

-1,-1,-1,-1,-1,-1,2020,vuelta-a-espana

27 October 2020,159.7,41.98,2657,142,2,2020,vuelta-a-espana

28 October 2020,164,39.82,3021,249,5,2020,vuelta-a-espana

29 October 2020,157.7,43.03,1163,18,1,2020,vuelta-a-espana

30 October 2020,185,43.67,2302,84,3,2020,vuelta-a-espana

31 October 2020,170,34.67,5098,435,5,2020,vuelta-a-espana

01 November 2020,109.4,34.79,3125,452,5,2020,vuelta-a-espana

-1,-1,-1,-1,-1,-1,2020,vuelta-a-espana

03 November 2020,33.7,43.34,536,65,3,2020,vuelta-a-espana

04 November 2020,204.7,44.33,3057,100,3,2020,vuelta-a-espana

05 November 2020,230.8,36.54,4448,158,2,2020,vuelta-a-espana

06 November 2020,162,39.74,2762,122,2,2020,vuelta-a-espana

07 November 2020,178.2,36.3,4365,316,5,2020,vuelta-a-espana

08 November 2020,139.6,40.23,1492,30,2,2020,vuelta-a-espana

14 August 2021,7.1,49.922,87,9,2,2021,vuelta-a-espana

15 August 2021,166.7,41.858,1049,10,1,2021,vuelta-a-espana

16 August 2021,202.8,38.391,2787,232,5,2021,vuelta-a-espana

17 August 2021,163.9,44.076,1534,23,3,2021,vuelta-a-espana

18 August 2021,184.4,41.801,640,2,1,2021,vuelta-a-espana

19 August 2021,158.3,45.039,902,50,3,2021,vuelta-a-espana

20 August 2021,152,36.448,3744,272,5,2021,vuelta-a-espana

21 August 2021,173.7,44.145,923,23,1,2021,vuelta-a-espana

22 August 2021,188,37.199,4725,348,5,2021,vuelta-a-espana

-1,-1,-1,-1,-1,-1,2021,vuelta-a-espana

24 August 2021,189,45.478,2390,134,2,2021,vuelta-a-espana

25 August 2021,133.6,41.969,2647,155,3,2021,vuelta-a-espana

26 August 2021,175,46.802,2018,107,2,2021,vuelta-a-espana

27 August 2021,203.7,40.961,1645,22,1,2021,vuelta-a-espana

28 August 2021,165.7,38.15,3448,288,5,2021,vuelta-a-espana

29 August 2021,197.5,40.638,3860,167,4,2021,vuelta-a-espana

-1,-1,-1,-1,-1,-1,2021,vuelta-a-espana

31 August 2021,180,43.382,2279,81,2,2021,vuelta-a-espana

01 September 2021,185.8,40.575,4519,366,5,2021,vuelta-a-espana

02 September 2021,162.6,34.676,4951,509,5,2021,vuelta-a-espana

03 September 2021,191.2,43.307,3540,98,2,2021,vuelta-a-espana

04 September 2021,202.2,37.697,4214,251,3,2021,vuelta-a-espana

05 September 2021,33.8,46.056,641,56,1,2021,vuelta-a-espana

19 August 2022,23.3,56.676,31,0,1,2022,vuelta-a-espana

20 August 2022,175.1,45.764,518,10,1,2022,vuelta-a-espana

21 August 2022,193.2,47.144,255,0,1,2022,vuelta-a-espana

-1,-1,-1,-1,-1,-1,2022,vuelta-a-espana

23 August 2022,152.5,43.348,2319,133,3,2022,vuelta-a-espana

24 August 2022,187.2,43.981,2978,162,2,2022,vuelta-a-espana

25 August 2022,181.2,39.108,4120,294,5,2022,vuelta-a-espana

26 August 2022,190,42.072,3359,112,2,2022,vuelta-a-espana

27 August 2022,153.4,37.504,3741,335,5,2022,vuelta-a-espana

28 August 2022,171.4,37.719,3675,242,5,2022,vuelta-a-espana

-1,-1,-1,-1,-1,-1,2022,vuelta-a-espana

30 August 2022,30.9,55.676,179,4,1,2022,vuelta-a-espana

31 August 2022,191.2,37.832,1592,38,1,2022,vuelta-a-espana

01 September 2022,192.7,41.525,3238,273,5,2022,vuelta-a-espana

02 September 2022,168.4,44.705,1766,54,1,2022,vuelta-a-espana

03 September 2022,160.3,38.557,3312,278,5,2022,vuelta-a-espana

04 September 2022,152.6,35.587,4033,407,5,2022,vuelta-a-espana

-1,-1,-1,-1,-1,-1,2022,vuelta-a-espana

06 September 2022,189.4,39.806,1076,28,1,2022,vuelta-a-espana

07 September 2022,162.3,43.773,2755,161,1,2022,vuelta-a-espana

08 September 2022,192,40.381,3680,214,5,2022,vuelta-a-espana

09 September 2022,138.3,41.66,2278,101,4,2022,vuelta-a-espana

10 September 2022,181,38.57,3977,216,4,2022,vuelta-a-espana

11 September 2022,96.7,39.577,773,10,1,2022,vuelta-a-espana

26 August 2023,14.8,50.74,60,0,1,2023,vuelta-a-espana

27 August 2023,181.8,41.26,2754,80,2,2023,vuelta-a-espana

28 August 2023,158.5,37.199,3472,263,5,2023,vuelta-a-espana

29 August 2023,184.6,45.082,1822,57,2,2023,vuelta-a-espana

30 August 2023,186.2,42.364,2395,65,2,2023,vuelta-a-espana

31 August 2023,183.1,41.072,4013,273,5,2023,vuelta-a-espana

01 September 2023,200.8,40.636,1144,12,1,2023,vuelta-a-espana

02 September 2023,165,38.997,3619,235,4,2023,vuelta-a-espana

03 September 2023,184.5,41.155,3041,162,5,2023,vuelta-a-espana

-1,-1,-1,-1,-1,-1,2023,vuelta-a-espana

05 September 2023,25.8,55.986,115,5,1,2023,vuelta-a-espana

06 September 2023,163.2,46.788,2203,112,3,2023,vuelta-a-espana

07 September 2023,150.6,44.385,865,11,1,2023,vuelta-a-espana

08 September 2023,134.7,34.962,4266,400,5,2023,vuelta-a-espana

09 September 2023,156.2,36.951,4531,406,5,2023,vuelta-a-espana

10 September 2023,158.3,45.028,2494,111,2,2023,vuelta-a-espana

-1,-1,-1,-1,-1,-1,2023,vuelta-a-espana

12 September 2023,120.1,45.497,2122,153,3,2023,vuelta-a-espana

13 September 2023,124.4,38.095,3269,464,5,2023,vuelta-a-espana

14 September 2023,178.9,37.321,4630,422,5,2023,vuelta-a-espana

15 September 2023,177.1,47.833,919,8,1,2023,vuelta-a-espana

16 September 2023,207.8,41.632,4361,186,2,2023,vuelta-a-espana

17 September 2023,101.5,42.228,878,12,1,2023,vuelta-a-espana

17 August 2024,12,57.219,55,1,1,2024,vuelta-a-espana

18 August 2024,194,37.198,2678,86,2,2024,vuelta-a-espana

19 August 2024,191.2,40.869,2620,58,2,2024,vuelta-a-espana

20 August 2024,170.5,38.341,3519,238,5,2024,vuelta-a-espana

21 August 2024,177,40.005,1691,32,1,2024,vuelta-a-espana

22 August 2024,185.5,41.499,3711,170,5,2024,vuelta-a-espana

23 August 2024,180.5,42.363,1943,78,2,2024,vuelta-a-espana

24 August 2024,159,43.648,2641,145,3,2024,vuelta-a-espana

25 August 2024,178.5,37.916,4486,305,4,2024,vuelta-a-espana

-1,-1,-1,-1,-1,-1,2024,vuelta-a-espana

27 August 2024,160,41.597,3074,178,4,2024,vuelta-a-espana

28 August 2024,164.2,43.813,2890,148,2,2024,vuelta-a-espana

29 August 2024,137.5,38.159,3088,174,5,2024,vuelta-a-espana

30 August 2024,176,40.639,3708,299,5,2024,vuelta-a-espana

31 August 2024,200.5,45.992,2876,100,4,2024,vuelta-a-espana

01 September 2024,143,37.99,3804,372,5,2024,vuelta-a-espana

-1,-1,-1,-1,-1,-1,2024,vuelta-a-espana

03 September 2024,181.5,38.242,4085,347,5,2024,vuelta-a-espana

04 September 2024,141.5,40.003,2498,107,2,2024,vuelta-a-espana

05 September 2024,179.5,44.714,2699,139,2,2024,vuelta-a-espana

06 September 2024,164.8,42.092,2601,217,5,2024,vuelta-a-espana

07 September 2024,172,37.04,5077,340,5,2024,vuelta-a-espana

08 September 2024,24.6,55.768,190,6,1,2024,vuelta-a-espana

23 August 2025,186.7,44.952,1293,16,1,2025,vuelta-a-espana

24 August 2025,159.5,42.115,1910,100,3,2025,vuelta-a-espana

25 August 2025,134.6,,1948,87,3,2025,vuelta-a-espana

26 August 2025,206.7,,3081,85,3,2025,vuelta-a-espana

27 August 2025,24.1,,122,0,1,2025,vuelta-a-espana

28 August 2025,170.3,,3602,239,5,2025,vuelta-a-espana

29 August 2025,188,,4203,261,5,2025,vuelta-a-espana

30 August 2025,163.5,,1219,25,1,2025,vuelta-a-espana

31 August 2025,195.5,,3123,138,3,2025,vuelta-a-espana

-1,-1,-1,-1,-1,-1,2025,vuelta-a-espana

02 September 2025,175.3,,2910,170,3,2025,vuelta-a-espana

03 September 2025,157.4,,3081,190,2,2025,vuelta-a-espana

04 September 2025,144.9,,2504,138,2,2025,vuelta-a-espana

05 September 2025,202.7,,3958,483,5,2025,vuelta-a-espana

06 September 2025,135.9,,4095,399,5,2025,vuelta-a-espana

07 September 2025,167.8,,3099,85,2,2025,vuelta-a-espana

-1,-1,-1,-1,-1,-1,2025,vuelta-a-espana

09 September 2025,167.9,,3476,259,3,2025,vuelta-a-espana

10 September 2025,143.2,,3234,301,5,2025,vuelta-a-espana

11 September 2025,27.2,,204,9,1,2025,vuelta-a-espana

12 September 2025,161.9,,1300,22,1,2025,vuelta-a-espana

13 September 2025,164.8,,4116,343,5,2025,vuelta-a-espana

14 September 2025,108,,1678,92,1,2025,vuelta-a-espana

01 July 2000,16.5,51.969,205,0,1,2000,tour-de-france

02 July 2000,194,40.68,1383,24,1,2000,tour-de-france

03 July 2000,161.5,44.48,1331,22,1,2000,tour-de-france

04 July 2000,70,48.88,202,0,1,2000,tour-de-france

05 July 2000,202,46.78,2014,40,1,2000,tour-de-france

06 July 2000,198.5,44.424,1522,17,1,2000,tour-de-france

07 July 2000,205.5,39.56,1997,43,1,2000,tour-de-france

08 July 2000,203.5,46.562,2570,70,1,2000,tour-de-france

09 July 2000,181,40.357,1762,33,1,2000,tour-de-france

10 July 2000,205,33.29,5202,459,5,2000,tour-de-france

11 July 2000,218.5,42.873,2632,87,1,2000,tour-de-france

-1,-1,-1,-1,-1,-1,2000,tour-de-france

13 July 2000,149,35.034,3830,386,5,2000,tour-de-france

14 July 2000,185.5,45.796,2270,54,1,2000,tour-de-france

15 July 2000,249,31.372,6425,346,5,2000,tour-de-france

16 July 2000,173.5,31.096,5231,461,5,2000,tour-de-france

-1,-1,-1,-1,-1,-1,2000,tour-de-france

18 July 2000,196,35.386,4992,354,4,2000,tour-de-france

19 July 2000,155,45.392,2455,111,2,2000,tour-de-france

20 July 2000,246.5,40.163,2137,44,1,2000,tour-de-france

21 July 2000,58.5,53.986,235,4,1,2000,tour-de-france

22 July 2000,254.5,40.805,2404,41,1,2000,tour-de-france

23 July 2000,0,39.5586,,,0,2000,tour-de-france

07 July 2001,8.2,52.714,66,3,1,2001,tour-de-france

08 July 2001,194.5,39.526,1885,60,1,2001,tour-de-france

09 July 2001,220.5,47.972,1044,7,1,2001,tour-de-france

10 July 2001,198.5,43.383,2098,114,3,2001,tour-de-france

11 July 2001,215,40.589,2901,87,2,2001,tour-de-france

12 July 2001,67,49.3,731,33,3,2001,tour-de-france

13 July 2001,211.5,43.661,2541,75,2,2001,tour-de-france

14 July 2001,162,39.501,3300,213,2,2001,tour-de-france

15 July 2001,222.5,44.604,2250,133,2,2001,tour-de-france

16 July 2001,185,46.678,2500,157,2,2001,tour-de-france

17 July 2001,209,32.675,5864,431,5,2001,tour-de-france

18 July 2001,32,28.466,1863,327,5,2001,tour-de-france

-1,-1,-1,-1,-1,-1,2001,tour-de-france

20 July 2001,166,32.81,4000,414,5,2001,tour-de-france

21 July 2001,194,33.801,5500,599,5,2001,tour-de-france

22 July 2001,141.5,32.098,5174,547,5,2001,tour-de-france

-1,-1,-1,-1,-1,-1,2001,tour-de-france

24 July 2001,232.5,44.097,3300,108,1,2001,tour-de-france

25 July 2001,227.5,41.72,3500,188,3,2001,tour-de-france

26 July 2001,194,45.899,3000,123,3,2001,tour-de-france

27 July 2001,61,49.282,541,24,2,2001,tour-de-france

28 July 2001,149.5,46.61,1022,22,1,2001,tour-de-france

29 July 2001,0,39.9911,,,0,2001,tour-de-france

06 July 2002,7,45.99,207,33,1,2002,tour-de-france

07 July 2002,192.5,39.929,3000,165,3,2002,tour-de-france

08 July 2002,181,41.793,2860,99,1,2002,tour-de-france

09 July 2002,174.5,41.283,1351,21,1,2002,tour-de-france

10 July 2002,67.5,50.741,763,34,1,2002,tour-de-france

11 July 2002,195,46.14,1503,22,1,2002,tour-de-france

12 July 2002,199.5,45.493,2081,36,1,2002,tour-de-france

13 July 2002,176,42.083,2234,70,3,2002,tour-de-france

14 July 2002,217.5,47.135,2436,89,1,2002,tour-de-france

15 July 2002,52,50.067,616,24,1,2002,tour-de-france

-1,-1,-1,-1,-1,-1,2002,tour-de-france

17 July 2002,147,48.93,1183,54,1,2002,tour-de-france

18 July 2002,158,36.19,4000,393,5,2002,tour-de-france

19 July 2002,199.5,33.21,5000,557,5,2002,tour-de-france

20 July 2002,171,41.321,2180,62,2,2002,tour-de-france

21 July 2002,221,38.61,4000,380,5,2002,tour-de-france

-1,-1,-1,-1,-1,-1,2002,tour-de-france

23 July 2002,226.5,38.253,4619,281,5,2002,tour-de-france

24 July 2002,179.5,30.905,5161,370,5,2002,tour-de-france

25 July 2002,142,35.141,4000,382,4,2002,tour-de-france

26 July 2002,176.5,39.446,3814,193,2,2002,tour-de-france

27 July 2002,50,46.997,857,63,1,2002,tour-de-france

28 July 2002,0,39.8709,,,0,2002,tour-de-france

05 July 2003,6.5,52.47,184,15,1,2003,tour-de-france

06 July 2003,168,44.89,1476,31,2,2003,tour-de-france

07 July 2003,204.5,40.026,2461,73,2,2003,tour-de-france

08 July 2003,167.5,48.399,1605,32,1,2003,tour-de-france

09 July 2003,69,52.772,592,21,1,2003,tour-de-france

10 July 2003,196.5,47.201,2316,49,1,2003,tour-de-france

11 July 2003,230,44.72,2000,69,2,2003,tour-de-france

12 July 2003,230.5,37.782,4500,340,4,2003,tour-de-france

13 July 2003,219,36.755,5500,550,5,2003,tour-de-france

14 July 2003,184.5,36.656,4500,314,4,2003,tour-de-france

15 July 2003,219.5,42.546,2000,100,2,2003,tour-de-france

-1,-1,-1,-1,-1,-1,2003,tour-de-france

17 July 2003,153.5,43.951,1858,61,2,2003,tour-de-france

18 July 2003,47,48.178,712,49,2,2003,tour-de-france

19 July 2003,197.5,37.48,4000,496,5,2003,tour-de-france

20 July 2003,191.5,34.622,5000,498,4,2003,tour-de-france

21 July 2003,159.5,35.52,4500,564,5,2003,tour-de-france

-1,-1,-1,-1,-1,-1,2003,tour-de-france

23 July 2003,197.5,39.542,4000,243,4,2003,tour-de-france

24 July 2003,181,46.334,808,7,1,2003,tour-de-france

25 July 2003,202.5,49.94,1678,16,1,2003,tour-de-france

26 July 2003,49,54.361,395,12,1,2003,tour-de-france

27 July 2003,0,40.9403,,,0,2003,tour-de-france

03 July 2004,6.1,53.561,177,11,1,2004,tour-de-france

04 July 2004,202.5,43.318,2864,68,2,2004,tour-de-france

05 July 2004,197,45.699,1852,44,1,2004,tour-de-france

06 July 2004,210,45.528,1615,18,1,2004,tour-de-france

07 July 2004,64.5,53.713,653,11,1,2004,tour-de-france

08 July 2004,200.5,39.318,2026,37,1,2004,tour-de-france

09 July 2004,196,42.969,1398,19,1,2004,tour-de-france

10 July 2004,204.5,45.182,2306,52,1,2004,tour-de-france

11 July 2004,168,43.01,2306,70,3,2004,tour-de-france

-1,-1,-1,-1,-1,-1,2004,tour-de-france

13 July 2004,160.5,45.229,2000,96,1,2004,tour-de-france

14 July 2004,237,39.456,4500,258,3,2004,tour-de-france

15 July 2004,164,41.878,3248,175,2,2004,tour-de-france

16 July 2004,197.5,38.98,3867,344,5,2004,tour-de-france

17 July 2004,205.5,33.815,5500,560,5,2004,tour-de-france

18 July 2004,192.5,44.68,1808,38,1,2004,tour-de-france

-1,-1,-1,-1,-1,-1,2004,tour-de-france

20 July 2004,180.5,38.61,4818,367,3,2004,tour-de-france

21 July 2004,15.5,23.436,1384,249,5,2004,tour-de-france

22 July 2004,204.5,32.996,6000,505,4,2004,tour-de-france

23 July 2004,166.5,40.934,2500,167,2,2004,tour-de-france

24 July 2004,55,49.389,1042,89,3,2004,tour-de-france

25 July 2004,0,40.5534,,,0,2004,tour-de-france

02 July 2005,19,54.676,27,0,1,2005,tour-de-france

03 July 2005,182,47.167,432,1,1,2005,tour-de-france

04 July 2005,212,46.062,1465,19,1,2005,tour-de-france

05 July 2005,67.5,57.32,355,7,1,2005,tour-de-france

06 July 2005,183,48.584,1018,6,1,2005,tour-de-france

07 July 2005,199,47.219,1750,41,2,2005,tour-de-france

08 July 2005,228,45.037,1314,12,2,2005,tour-de-france

09 July 2005,231,45.607,2493,100,4,2005,tour-de-france

10 July 2005,171,41.32,2805,94,4,2005,tour-de-france

-1,-1,-1,-1,-1,-1,2005,tour-de-france

12 July 2005,181,37.373,4197,313,5,2005,tour-de-france

13 July 2005,173,36.088,4280,261,4,2005,tour-de-france

14 July 2005,187,43.14,3021,148,4,2005,tour-de-france

15 July 2005,174,46.767,1117,12,1,2005,tour-de-france

16 July 2005,174,30.374,4188,334,5,2005,tour-de-france

17 July 2005,206,33.712,5633,489,5,2005,tour-de-france

-1,-1,-1,-1,-1,-1,2005,tour-de-france

19 July 2005,181,38.971,3560,150,4,2005,tour-de-france

20 July 2005,240,42.19,2830,92,2,2005,tour-de-france

21 July 2005,189,40.85,2947,157,2,2005,tour-de-france

22 July 2005,154,43.367,2344,66,3,2005,tour-de-france

23 July 2005,55,45.982,806,50,2,2005,tour-de-france

24 July 2005,0,41.1594,,,0,2005,tour-de-france

01 July 2006,7.1,51.43,5,0,1,2006,tour-de-france

02 July 2006,184.5,44.28,913,5,1,2006,tour-de-france

03 July 2006,228.5,40.78,2679,65,2,2006,tour-de-france

04 July 2006,216.5,43.61,2423,66,3,2006,tour-de-france

05 July 2006,207,41.42,1736,20,1,2006,tour-de-france

06 July 2006,225,42.34,1595,22,1,2006,tour-de-france

07 July 2006,189,45.31,1378,18,1,2006,tour-de-france

08 July 2006,52,50.55,389,1,1,2006,tour-de-france

09 July 2006,181,42.87,1465,17,1,2006,tour-de-france

-1,-1,-1,-1,-1,-1,2006,tour-de-france

11 July 2006,169.5,47.21,326,0,1,2006,tour-de-france

12 July 2006,190.5,39.53,3595,174,4,2006,tour-de-france

13 July 2006,206.5,33.81,5721,307,5,2006,tour-de-france

14 July 2006,211.5,46.15,1750,30,2,2006,tour-de-france

15 July 2006,231,42.7,1647,18,2,2006,tour-de-france

16 July 2006,180.5,42.57,2644,76,2,2006,tour-de-france

-1,-1,-1,-1,-1,-1,2006,tour-de-france

18 July 2006,187,38.376,4442,335,5,2006,tour-de-france

19 July 2006,182,32.49,5456,393,5,2006,tour-de-france

20 July 2006,200.5,36.53,4356,308,4,2006,tour-de-france

21 July 2006,197,46.13,1751,47,2,2006,tour-de-france

22 July 2006,57,50.48,376,8,1,2006,tour-de-france

23 July 2006,0,40.79,0,0,0,2006,tour-de-france

07 July 2007,7.9,53.66,33,0,1,2007,tour-de-france

08 July 2007,203,43.65,1709,27,1,2007,tour-de-france

09 July 2007,168.5,44.27,337,0,1,2007,tour-de-france

10 July 2007,236.5,35.81,1397,12,1,2007,tour-de-france

11 July 2007,193,41.69,1652,34,1,2007,tour-de-france

12 July 2007,182.5,39.24,2703,88,2,2007,tour-de-france

13 July 2007,199.5,37.29,1484,20,1,2007,tour-de-france

14 July 2007,197.5,40.41,3250,199,4,2007,tour-de-france

15 July 2007,165,34.18,4933,344,5,2007,tour-de-france

-1,-1,-1,-1,-1,-1,2007,tour-de-france

17 July 2007,159.5,37.62,3458,247,4,2007,tour-de-france

18 July 2007,229.5,42.98,1917,44,2,2007,tour-de-france

19 July 2007,182.5,48.06,854,7,1,2007,tour-de-france

20 July 2007,178.5,40.33,2337,74,4,2007,tour-de-france

21 July 2007,54,47.79,533,26,2,2007,tour-de-france

22 July 2007,197,36.28,4370,371,5,2007,tour-de-france

23 July 2007,196,35.07,5445,369,4,2007,tour-de-france

-1,-1,-1,-1,-1,-1,2007,tour-de-france

25 July 2007,218.5,34.2,6031,453,5,2007,tour-de-france

26 July 2007,188.5,44.52,1734,44,2,2007,tour-de-france

27 July 2007,211,40.38,1938,32,2,2007,tour-de-france

28 July 2007,55.5,53.56,480,14,1,2007,tour-de-france

29 July 2007,0,39.2232,,,0,2007,tour-de-france

05 July 2008,197.5,42.92,2324,51,3,2008,tour-de-france

06 July 2008,164.5,43.82,1888,50,3,2008,tour-de-france

07 July 2008,208,40.858,1507,13,1,2008,tour-de-france

08 July 2008,29.5,49.12,338,9,1,2008,tour-de-france

09 July 2008,232,42.456,1299,10,1,2008,tour-de-france

10 July 2008,195.5,39.38,3280,167,5,2008,tour-de-france

11 July 2008,159,40.96,2431,119,4,2008,tour-de-france

12 July 2008,172.5,42.61,1892,48,2,2008,tour-de-france

13 July 2008,224,39.47,3778,217,4,2008,tour-de-france

14 July 2008,156,36.076,3794,346,5,2008,tour-de-france

-1,-1,-1,-1,-1,-1,2008,tour-de-france

16 July 2008,167.5,42.19,2863,148,4,2008,tour-de-france

17 July 2008,168.5,45.77,1197,12,1,2008,tour-de-france

18 July 2008,182,41.099,1405,19,1,2008,tour-de-france

19 July 2008,194.5,46.1,1726,47,2,2008,tour-de-france

20 July 2008,183,37.767,3739,237,5,2008,tour-de-france

-1,-1,-1,-1,-1,-1,2008,tour-de-france

22 July 2008,157,34.703,4174,259,4,2008,tour-de-france

23 July 2008,210.5,34.32,5405,389,5,2008,tour-de-france

24 July 2008,196.5,43.61,1905,75,4,2008,tour-de-france

25 July 2008,165.5,45.73,1814,43,1,2008,tour-de-france

26 July 2008,53,49.55,408,14,1,2008,tour-de-france

27 July 2008,0,40.5036,,,0,2008,tour-de-france

04 July 2009,15.5,47.61,316,40,1,2009,tour-de-france

05 July 2009,187,41.55,2387,49,2,2009,tour-de-france

06 July 2009,196.5,39.12,987,13,1,2009,tour-de-france

07 July 2009,39,50.341,430,15,1,2009,tour-de-france

08 July 2009,196.5,43.73,1014,8,1,2009,tour-de-france

09 July 2009,181.5,41.64,2227,63,3,2009,tour-de-france

10 July 2009,224,36.176,4910,253,5,2009,tour-de-france

11 July 2009,176.5,38.96,3582,170,4,2009,tour-de-france

12 July 2009,160.5,39.22,2915,110,4,2009,tour-de-france

-1,-1,-1,-1,-1,-1,2009,tour-de-france

14 July 2009,194.5,40.7,2076,28,2,2009,tour-de-france

15 July 2009,192,44.666,1535,25,1,2009,tour-de-france

16 July 2009,211.5,43.4,2340,50,2,2009,tour-de-france

17 July 2009,200,40.481,3019,139,4,2009,tour-de-france

18 July 2009,199,42.986,1709,40,2,2009,tour-de-france

19 July 2009,207.5,40.96,3659,196,5,2009,tour-de-france

-1,-1,-1,-1,-1,-1,2009,tour-de-france

21 July 2009,159,37.51,3895,181,4,2009,tour-de-france

22 July 2009,169.5,34.6,4781,343,4,2009,tour-de-france

23 July 2009,40.5,50.09,344,27,2,2009,tour-de-france

24 July 2009,178,46.32,1891,63,4,2009,tour-de-france

25 July 2009,167,35.869,3767,343,5,2009,tour-de-france

26 July 2009,0,40.3158,,,0,2009,tour-de-france

03 July 2010,8.9,53.4,43,1,1,2010,tour-de-france

04 July 2010,223.5,43.31,420,0,1,2010,tour-de-france

05 July 2010,201,42.95,2708,98,2,2010,tour-de-france

06 July 2010,213,44.125,1168,7,1,2010,tour-de-france

07 July 2010,153.5,42.854,1107,7,1,2010,tour-de-france

08 July 2010,187.5,41.54,1374,19,1,2010,tour-de-france

09 July 2010,227.5,40.42,2345,44,1,2010,tour-de-france

10 July 2010,165.5,37.78,3446,211,5,2010,tour-de-france

11 July 2010,189,38.547,3636,297,5,2010,tour-de-france

-1,-1,-1,-1,-1,-1,2010,tour-de-france

13 July 2010,204.5,36.284,5144,264,4,2010,tour-de-france

14 July 2010,179,34.541,3187,162,2,2010,tour-de-france

15 July 2010,184.5,39.19,1264,21,2,2010,tour-de-france

16 July 2010,210.5,42.32,3485,143,3,2010,tour-de-france

17 July 2010,196,44.139,2163,60,2,2010,tour-de-france

18 July 2010,184.5,37.82,3796,324,5,2010,tour-de-france

19 July 2010,187.5,39.48,3542,237,4,2010,tour-de-france

20 July 2010,199.5,36.09,4721,202,4,2010,tour-de-france

-1,-1,-1,-1,-1,-1,2010,tour-de-france

22 July 2010,174,34.401,4681,410,5,2010,tour-de-france

23 July 2010,198,42.86,1056,9,1,2010,tour-de-france

24 July 2010,52,51.2,167,0,1,2010,tour-de-france

25 July 2010,0,39.585,,,0,2010,tour-de-france

02 July 2011,191.5,40.81,1286,35,3,2011,tour-de-france

03 July 2011,23,55.645,188,0,1,2011,tour-de-france

04 July 2011,198,42.376,1066,11,1,2011,tour-de-france

05 July 2011,172.5,41.13,2250,83,3,2011,tour-de-france

06 July 2011,164.5,45.16,1652,39,1,2011,tour-de-france

07 July 2011,226.5,43.33,2373,52,3,2011,tour-de-france

08 July 2011,215,38.066,1304,6,1,2011,tour-de-france

09 July 2011,190,41.19,3019,130,5,2011,tour-de-france

10 July 2011,208,38.148,3975,160,2,2011,tour-de-france

-1,-1,-1,-1,-1,-1,2011,tour-de-france

12 July 2011,161,45.706,1933,77,2,2011,tour-de-france

13 July 2011,168.5,44.71,1695,42,2,2011,tour-de-france

14 July 2011,211,35.04,4563,399,5,2011,tour-de-france

15 July 2011,152.5,40.2,2605,148,4,2011,tour-de-france

16 July 2011,168.5,32.26,5420,462,5,2011,tour-de-france

17 July 2011,192.5,44.35,1464,25,1,2011,tour-de-france

-1,-1,-1,-1,-1,-1,2011,tour-de-france

19 July 2011,162.5,46.07,2372,90,4,2011,tour-de-france

20 July 2011,179,41.628,3193,170,4,2011,tour-de-france

21 July 2011,189,30.821,5268,329,5,2011,tour-de-france

22 July 2011,109.5,33.97,3571,368,5,2011,tour-de-france

23 July 2011,42.5,45.89,709,53,2,2011,tour-de-france

24 July 2011,95,38.767,436,2,1,2011,tour-de-france

30 June 2012,6.4,53.21,79,0,1,2012,tour-de-france

01 July 2012,198,39.823,2680,66,3,2012,tour-de-france

02 July 2012,207.5,41.92,1509,18,1,2012,tour-de-france

03 July 2012,197,41.772,1551,86,3,2012,tour-de-france

04 July 2012,214.5,40.4,1698,25,1,2012,tour-de-france

05 July 2012,196.5,41.88,1250,11,1,2012,tour-de-france

06 July 2012,205,44.4,1535,16,1,2012,tour-de-france

07 July 2012,199,39.989,2736,168,5,2012,tour-de-france

08 July 2012,157.5,40.01,3072,179,4,2012,tour-de-france

09 July 2012,41.5,48.44,499,35,1,2012,tour-de-france

-1,-1,-1,-1,-1,-1,2012,tour-de-france

11 July 2012,194.5,40.74,3350,208,4,2012,tour-de-france

12 July 2012,148,31.28,4987,387,5,2012,tour-de-france

13 July 2012,226,39.56,3399,126,4,2012,tour-de-france

14 July 2012,217,43.69,1795,50,1,2012,tour-de-france

15 July 2012,191,39.45,3284,206,4,2012,tour-de-france

16 July 2012,158.5,43.18,2173,71,1,2012,tour-de-france

-1,-1,-1,-1,-1,-1,2012,tour-de-france

18 July 2012,197,35.28,5291,293,4,2012,tour-de-france

19 July 2012,143.5,34.14,4383,400,5,2012,tour-de-france

20 July 2012,222.5,45.38,2146,55,1,2012,tour-de-france

21 July 2012,53.5,49.99,249,2,1,2012,tour-de-france

22 July 2012,120,38.27,699,7,1,2012,tour-de-france

29 June 2013,213,43.05,1529,13,1,2013,tour-de-france

30 June 2013,156,41.94,2373,95,4,2013,tour-de-france

01 July 2013,145.5,39.43,2426,109,2,2013,tour-de-france

02 July 2013,25,57.77,48,0,1,2013,tour-de-france

03 July 2013,228.5,41.31,2775,68,2,2013,tour-de-france

04 July 2013,176.5,44.3,837,8,1,2013,tour-de-france

05 July 2013,205.5,41.91,2675,66,2,2013,tour-de-france

06 July 2013,195,38.58,3839,345,5,2013,tour-de-france

07 July 2013,168.5,35.72,4411,252,4,2013,tour-de-france

-1,-1,-1,-1,-1,-1,2013,tour-de-france

09 July 2013,197,40.28,1762,25,1,2013,tour-de-france

10 July 2013,33,54.271,283,6,1,2013,tour-de-france

11 July 2013,218,45.13,1425,10,1,2013,tour-de-france

12 July 2013,173,47.15,1036,7,1,2013,tour-de-france

13 July 2013,191,44.91,2158,60,2,2013,tour-de-france

14 July 2013,242.5,41.72,4146,342,5,2013,tour-de-france

-1,-1,-1,-1,-1,-1,2013,tour-de-france

16 July 2013,168,43.31,3073,123,4,2013,tour-de-france

17 July 2013,32,37.25,928,104,2,2013,tour-de-france

18 July 2013,172.5,35.5,4789,417,5,2013,tour-de-france

19 July 2013,204.5,34.18,5567,369,4,2013,tour-de-france

20 July 2013,125,34.24,3909,353,5,2013,tour-de-france

21 July 2013,118,38.02,766,8,1,2013,tour-de-france

05 July 2014,190.5,40.23,2092,50,2,2014,tour-de-france

06 July 2014,201,39.08,3347,160,2,2014,tour-de-france

07 July 2014,155,42.56,834,4,1,2014,tour-de-france

08 July 2014,163.5,45.28,1118,21,1,2014,tour-de-france

09 July 2014,155.5,46.98,475,0,1,2014,tour-de-france

10 July 2014,194,46.25,1422,23,1,2014,tour-de-france

11 July 2014,234.5,44.16,2076,55,2,2014,tour-de-france

12 July 2014,161,42.1,1872,150,5,2014,tour-de-france

13 July 2014,170,40.87,3373,137,4,2014,tour-de-france

14 July 2014,161.5,36.23,3906,303,5,2014,tour-de-france

-1,-1,-1,-1,-1,-1,2014,tour-de-france

16 July 2014,187.5,42.33,2711,128,2,2014,tour-de-france

17 July 2014,185.5,40.89,2530,64,2,2014,tour-de-france

18 July 2014,197.5,37.92,3865,363,5,2014,tour-de-france

19 July 2014,177,34.43,4838,344,5,2014,tour-de-france

20 July 2014,222,44.89,1675,20,1,2014,tour-de-france

-1,-1,-1,-1,-1,-1,2014,tour-de-france

22 July 2014,237.5,38.81,4047,247,4,2014,tour-de-france

23 July 2014,124.5,34.68,3810,410,5,2014,tour-de-france

24 July 2014,145.5,35.74,3748,336,5,2014,tour-de-france

25 July 2014,208.5,44.1,1659,43,1,2014,tour-de-france

26 July 2014,54,48.83,611,21,3,2014,tour-de-france

27 July 2014,137.5,41.08,805,6,1,2014,tour-de-france

04 July 2015,13.8,55.45,28,0,1,2015,tour-de-france

05 July 2015,166,47.64,241,0,1,2015,tour-de-france

06 July 2015,159.5,46.25,1435,100,3,2015,tour-de-france

07 July 2015,223.5,40.76,1552,15,1,2015,tour-de-france

08 July 2015,189.5,40.75,1606,24,1,2015,tour-de-france

09 July 2015,191.5,39.11,1694,38,3,2015,tour-de-france

10 July 2015,190.5,42.74,1694,25,1,2015,tour-de-france

11 July 2015,181.5,41.74,2057,72,3,2015,tour-de-france

12 July 2015,28,52.09,401,25,3,2015,tour-de-france

-1,-1,-1,-1,-1,-1,2015,tour-de-france

14 July 2015,167,38.23,2655,271,5,2015,tour-de-france

15 July 2015,188,37.35,4099,275,5,2015,tour-de-france

16 July 2015,195,34.39,4948,393,5,2015,tour-de-france

17 July 2015,198.5,41.98,2299,81,2,2015,tour-de-france

18 July 2015,178.5,40.61,2772,186,5,2015,tour-de-france

19 July 2015,183,46.41,1993,53,2,2015,tour-de-france

20 July 2015,201,44.64,2322,89,4,2015,tour-de-france

-1,-1,-1,-1,-1,-1,2015,tour-de-france

22 July 2015,161,38.29,4208,253,5,2015,tour-de-france

23 July 2015,186.5,36.85,4424,260,4,2015,tour-de-france

24 July 2015,138,31.5,4545,376,5,2015,tour-de-france

25 July 2015,110.5,33.6,3164,332,5,2015,tour-de-france

26 July 2015,109.5,38.72,562,5,1,2015,tour-de-france

02 July 2016,188,44.39,1071,10,2,2016,tour-de-france

03 July 2016,183,42.09,1985,70,3,2016,tour-de-france

04 July 2016,223.5,37.26,1975,20,2,2016,tour-de-france

05 July 2016,237.5,43.38,1934,47,2,2016,tour-de-france

06 July 2016,216,39.08,4105,225,4,2016,tour-de-france

07 July 2016,190.5,40.27,2025,47,2,2016,tour-de-france

08 July 2016,162.5,42.74,2578,176,4,2016,tour-de-france

09 July 2016,184,37.1,4597,302,4,2016,tour-de-france

10 July 2016,184,34.89,4948,366,5,2016,tour-de-france

-1,-1,-1,-1,-1,-1,2016,tour-de-france

12 July 2016,197,45.01,2432,80,4,2016,tour-de-france

13 July 2016,162.5,47.24,1381,24,2,2016,tour-de-france

14 July 2016,178,39.29,2416,268,5,2016,tour-de-france

15 July 2016,37.5,44.78,752,54,3,2016,tour-de-france

16 July 2016,208.5,36.39,1958,30,2,2016,tour-de-france

17 July 2016,159,36.02,4386,286,4,2016,tour-de-france

18 July 2016,209,47.14,1967,48,2,2016,tour-de-france

-1,-1,-1,-1,-1,-1,2016,tour-de-france

20 July 2016,184.5,40.03,3891,359,5,2016,tour-de-france

21 July 2016,17,33.21,676,104,5,2016,tour-de-france

22 July 2016,146,34.47,4436,337,5,2016,tour-de-france

23 July 2016,146.5,35.62,4127,314,4,2016,tour-de-france

24 July 2016,113,41.56,713,7,1,2016,tour-de-france

01 July 2017,14,52.28,61,1,1,2017,tour-de-france

02 July 2017,203.5,44.06,1278,25,1,2017,tour-de-france

03 July 2017,212.5,41.49,2706,77,1,2017,tour-de-france

04 July 2017,207.5,42.36,1404,24,1,2017,tour-de-france

05 July 2017,160.5,42.97,2348,151,5,2017,tour-de-france

06 July 2017,216,42.41,1735,29,1,2017,tour-de-france

07 July 2017,213.5,42.24,1578,20,1,2017,tour-de-france

08 July 2017,187.5,41.59,3591,229,4,2017,tour-de-france

09 July 2017,181.5,35.43,4696,275,4,2017,tour-de-france

-1,-1,-1,-1,-1,-1,2017,tour-de-france

11 July 2017,178,44.32,1407,25,1,2017,tour-de-france

12 July 2017,203.5,44.49,1163,15,1,2017,tour-de-france

13 July 2017,214.5,36.81,4903,375,5,2017,tour-de-france

14 July 2017,101,38.73,2856,243,4,2017,tour-de-france

15 July 2017,181.5,41.58,1786,85,1,2017,tour-de-france

16 July 2017,189.5,40.35,3164,154,2,2017,tour-de-france

-1,-1,-1,-1,-1,-1,2017,tour-de-france

18 July 2017,165,45.36,2033,47,1,2017,tour-de-france

19 July 2017,183,35.69,5064,300,4,2017,tour-de-france

20 July 2017,179.5,38.39,4059,338,5,2017,tour-de-france

21 July 2017,222.5,43.61,2613,59,1,2017,tour-de-france

22 July 2017,22.5,47.79,160,22,1,2017,tour-de-france

23 July 2017,105,43.25,519,4,1,2017,tour-de-france

07 July 2018,201,45.76,454,2,1,2018,tour-de-france

08 July 2018,182.5,44.4,1395,14,1,2018,tour-de-france

09 July 2018,35.5,54.944,387,13,1,2018,tour-de-france

10 July 2018,195,44.15,1155,14,1,2018,tour-de-france

11 July 2018,204.5,42.59,2704,107,3,2018,tour-de-france

12 July 2018,181,42.804,2027,95,3,2018,tour-de-france

13 July 2018,231,40.33,2255,40,1,2018,tour-de-france

14 July 2018,181,41.2,1284,17,1,2018,tour-de-france

15 July 2018,156.5,45.93,618,1,1,2018,tour-de-france

-1,-1,-1,-1,-1,-1,2018,tour-de-france

17 July 2018,158.5,35.83,4254,320,4,2018,tour-de-france

18 July 2018,108.5,31.06,4093,349,5,2018,tour-de-france

19 July 2018,175.5,33.05,5362,405,5,2018,tour-de-france

20 July 2018,169.5,45.02,1302,46,1,2018,tour-de-france

21 July 2018,188,40.01,3365,189,2,2018,tour-de-france

22 July 2018,181,40.85,2917,118,4,2018,tour-de-france

-1,-1,-1,-1,-1,-1,2018,tour-de-france

24 July 2018,218,41.74,3521,202,4,2018,tour-de-france

25 July 2018,65,27.57,3274,428,5,2018,tour-de-france

26 July 2018,171,45.23,1312,34,1,2018,tour-de-france

27 July 2018,200.5,36.65,5046,290,4,2018,tour-de-france

28 July 2018,31,45.51,543,46,3,2018,tour-de-france

29 July 2018,116,41.78,732,6,1,2018,tour-de-france

06 July 2019,194.5,44.409,1582,20,3,2019,tour-de-france

07 July 2019,27.6,57.202,267,7,1,2019,tour-de-france

08 July 2019,215,45.992,2299,97,3,2019,tour-de-france

09 July 2019,213.5,41.412,1555,32,2,2019,tour-de-france

10 July 2019,175.5,43.41,2325,132,2,2019,tour-de-france

11 July 2019,160.5,35.793,3944,329,5,2019,tour-de-france

12 July 2019,230,38.044,2367,36,2,2019,tour-de-france

13 July 2019,200,39.962,3844,189,2,2019,tour-de-france

14 July 2019,170.5,42.064,2717,114,2,2019,tour-de-france

15 July 2019,217.5,45.054,3031,85,2,2019,tour-de-france

-1,-1,-1,-1,-1,-1,2019,tour-de-france

17 July 2019,167,43.3,1827,43,2,2019,tour-de-france

18 July 2019,209.5,42.198,3088,177,4,2019,tour-de-france

19 July 2019,27.2,46.629,391,33,1,2019,tour-de-france

20 July 2019,111,34.991,3376,359,5,2019,tour-de-france

21 July 2019,185,38.667,4345,365,5,2019,tour-de-france

-1,-1,-1,-1,-1,-1,2019,tour-de-france

23 July 2019,177,44.785,1626,29,2,2019,tour-de-france

24 July 2019,200,45.872,2472,85,2,2019,tour-de-france

25 July 2019,208,37.337,5215,232,4,2019,tour-de-france

26 July 2019,89,33.27,2995,317,5,2019,tour-de-france

27 July 2019,59.5,31.908,2228,267,5,2019,tour-de-france

28 July 2019,128,41.709,781,10,1,2019,tour-de-france

29 August 2020,156,41.35,1597,46,2,2020,tour-de-france

30 August 2020,185,37.57,4066,188,4,2020,tour-de-france

31 August 2020,198,37.39,3003,81,2,2020,tour-de-france

01 September 2020,160.5,38.86,3200,200,5,2020,tour-de-france

02 September 2020,183,42.01,1388,31,1,2020,tour-de-france

03 September 2020,191,42.04,3087,227,5,2020,tour-de-france

04 September 2020,168,47.54,2011,47,2,2020,tour-de-france

05 September 2020,141,34.93,3821,295,4,2020,tour-de-france

06 September 2020,153,39.02,3500,239,4,2020,tour-de-france

-1,-1,-1,-1,-1,-1,2020,tour-de-france

08 September 2020,168.5,46.94,531,2,1,2020,tour-de-france

09 September 2020,166.5,41.62,1008,13,1,2020,tour-de-france

10 September 2020,218,42.36,3389,142,3,2020,tour-de-france

11 September 2020,191.5,38.07,4459,302,5,2020,tour-de-france

12 September 2020,194,43.41,2646,73,4,2020,tour-de-france

13 September 2020,174.5,38.18,3724,390,5,2020,tour-de-france

-1,-1,-1,-1,-1,-1,2020,tour-de-france

15 September 2020,164,38.91,3903,250,5,2020,tour-de-france

16 September 2020,170,35.28,4430,444,5,2020,tour-de-france

17 September 2020,175,36.52,5166,314,4,2020,tour-de-france

18 September 2020,166.5,46.13,2208,77,2,2020,tour-de-france

19 September 2020,36.2,38.84,962,135,5,2020,tour-de-france

20 September 2020,122,42.18,816,11,1,2020,tour-de-france

26 June 2021,197.8,42.525,2843,109,3,2021,tour-de-france

27 June 2021,183.5,42.592,2210,102,3,2021,tour-de-france

28 June 2021,182.9,45.447,1534,34,2,2021,tour-de-france

29 June 2021,150.4,45.056,1404,24,1,2021,tour-de-france

30 June 2021,27.2,51,356,17,1,2021,tour-de-france

01 July 2021,160.4,48.704,977,5,1,2021,tour-de-france

02 July 2021,249.1,45.521,3120,146,2,2021,tour-de-france

03 July 2021,150.8,38.554,3557,310,4,2021,tour-de-france

04 July 2021,144.9,32.596,4628,381,5,2021,tour-de-france

-1,-1,-1,-1,-1,-1,2021,tour-de-france

06 July 2021,190.7,45.027,1488,29,2,2021,tour-de-france

07 July 2021,198.9,37.562,4671,282,4,2021,tour-de-france

08 July 2021,159.4,47.3,2052,52,2,2021,tour-de-france

09 July 2021,219.9,43.332,2023,29,2,2021,tour-de-france

10 July 2021,183.7,43.01,2877,125,4,2021,tour-de-france

11 July 2021,191.3,36.777,4572,234,4,2021,tour-de-france

-1,-1,-1,-1,-1,-1,2021,tour-de-france

13 July 2021,169,41.904,3260,177,4,2021,tour-de-france

14 July 2021,178.4,35.267,4375,450,5,2021,tour-de-france

15 July 2021,129.7,36.407,3561,367,5,2021,tour-de-france

16 July 2021,207,47.901,1181,16,2,2021,tour-de-france

17 July 2021,30.8,51.5,246,8,1,2021,tour-de-france

18 July 2021,108.4,40.748,699,14,1,2021,tour-de-france

01 July 2022,13.2,51.821,21,0,1,2022,tour-de-france

02 July 2022,202.2,44.186,1149,11,1,2022,tour-de-france

03 July 2022,182,43.411,1280,16,1,2022,tour-de-france

-1,-1,-1,-1,-1,-1,2022,tour-de-france

05 July 2022,171.5,42.591,1785,63,2,2022,tour-de-france

06 July 2022,157,48.661,601,1,1,2022,tour-de-france

07 July 2022,219.9,49.376,2477,85,3,2022,tour-de-france

08 July 2022,176.3,44.321,2526,192,5,2022,tour-de-france

09 July 2022,186.3,44.164,2556,87,3,2022,tour-de-france

10 July 2022,192.9,40.377,3743,223,3,2022,tour-de-france

-1,-1,-1,-1,-1,-1,2022,tour-de-france

12 July 2022,148.1,44.691,2733,143,5,2022,tour-de-france

13 July 2022,151.7,35.275,4070,400,5,2022,tour-de-france

14 July 2022,165.1,33.534,4660,389,5,2022,tour-de-france

15 July 2022,192.6,45.667,2109,78,2,2022,tour-de-france

16 July 2022,192.5,42.638,3441,170,2,2022,tour-de-france

17 July 2022,202.5,45.429,2416,64,2,2022,tour-de-france

-1,-1,-1,-1,-1,-1,2022,tour-de-france

19 July 2022,178.5,40.602,3418,204,4,2022,tour-de-france

20 July 2022,129.7,37.806,3364,324,5,2022,tour-de-france

21 July 2022,143.2,35.825,4036,408,5,2022,tour-de-france

22 July 2022,188.3,48.684,1316,35,3,2022,tour-de-france

23 July 2022,40.7,50.893,434,39,3,2022,tour-de-france

24 July 2022,115.6,38.85,748,13,1,2022,tour-de-france

01 July 2023,182,41.55,3221,166,3,2023,tour-de-france

02 July 2023,208.9,43.726,2949,141,2,2023,tour-de-france

03 July 2023,193.5,40.989,2667,68,2,2023,tour-de-france

04 July 2023,181.8,41.09,1427,20,1,2023,tour-de-france

05 July 2023,162.7,41.17,3652,239,4,2023,tour-de-france

06 July 2023,144.9,37.083,3894,310,5,2023,tour-de-france

07 July 2023,169.9,45.013,808,7,1,2023,tour-de-france

08 July 2023,200.7,47.704,1996,61,2,2023,tour-de-france

09 July 2023,182.4,42.144,3441,273,5,2023,tour-de-france

-1,-1,-1,-1,-1,-1,2023,tour-de-france

11 July 2023,167.2,43.136,3151,118,2,2023,tour-de-france

12 July 2023,179.3,44.62,1873,34,2,2023,tour-de-france

13 July 2023,168.8,43.712,3120,147,2,2023,tour-de-france

14 July 2023,137.8,41.853,2413,260,5,2023,tour-de-france

15 July 2023,151.8,38.149,4281,308,4,2023,tour-de-france

16 July 2023,179,38.255,4483,335,5,2023,tour-de-france

-1,-1,-1,-1,-1,-1,2023,tour-de-france

18 July 2023,22.4,41.227,636,109,5,2023,tour-de-france

19 July 2023,165.7,34.386,5399,445,4,2023,tour-de-france

20 July 2023,184.9,44.951,1216,18,1,2023,tour-de-france

21 July 2023,172.8,49.13,1934,50,2,2023,tour-de-france

22 July 2023,133.5,38.64,3471,303,4,2023,tour-de-france

23 July 2023,115.1,39.19,577,14,1,2023,tour-de-france

29 June 2024,206,40.213,3821,176,4,2024,tour-de-france

30 June 2024,199.2,42.129,1859,109,2,2024,tour-de-france

01 July 2024,230.8,42.375,1190,16,1,2024,tour-de-france

02 July 2024,139.6,36.958,3904,187,4,2024,tour-de-france

03 July 2024,177.4,42.787,1126,25,1,2024,tour-de-france

04 July 2024,163.5,46.292,881,7,1,2024,tour-de-france

05 July 2024,25.3,52.587,283,13,1,2024,tour-de-france

06 July 2024,183.4,44.945,2334,63,2,2024,tour-de-france

07 July 2024,199,45.973,2012,30,2,2024,tour-de-france

-1,-1,-1,-1,-1,-1,2024,tour-de-france

09 July 2024,187.3,43.206,888,6,1,2024,tour-de-france

10 July 2024,211,42.483,4177,241,5,2024,tour-de-france

11 July 2024,203.6,47.487,2253,53,1,2024,tour-de-france

12 July 2024,165.3,48.821,1884,53,1,2024,tour-de-france

13 July 2024,151.9,37.685,4050,340,5,2024,tour-de-france

14 July 2024,197.7,37.787,5071,366,5,2024,tour-de-france

-1,-1,-1,-1,-1,-1,2024,tour-de-france

16 July 2024,188.6,45.003,1176,15,1,2024,tour-de-france

17 July 2024,177.8,43.328,3091,177,3,2024,tour-de-france

18 July 2024,179.5,43.023,3123,101,2,2024,tour-de-france

19 July 2024,144.6,35.55,4512,275,5,2024,tour-de-france

20 July 2024,132.8,32.607,4748,380,5,2024,tour-de-france

21 July 2024,33.7,44.521,720,73,4,2024,tour-de-france

05 July 2025,184.9,47.576,1065,17,2,2025,tour-de-france

06 July 2025,209.1,43.916,1953,73,3,2025,tour-de-france

07 July 2025,178.3,41.64,792,9,1,2025,tour-de-france

08 July 2025,174.2,45.348,1745,81,2,2025,tour-de-france

09 July 2025,33,53.951,191,1,1,2025,tour-de-france

10 July 2025,201.5,45.767,3309,143,3,2025,tour-de-france

11 July 2025,197,48.117,2096,80,3,2025,tour-de-france

12 July 2025,171.4,44.629,1257,10,1,2025,tour-de-france

13 July 2025,174.1,50.013,1019,6,1,2025,tour-de-france

14 July 2025,165.3,38.134,4307,240,3,2025,tour-de-france

-1,-1,-1,-1,-1,-1,2025,tour-de-france

16 July 2025,156.8,48.016,1567,78,1,2025,tour-de-france

17 July 2025,180.6,41.467,3794,333,5,2025,tour-de-france

18 July 2025,10.9,28.435,645,119,5,2025,tour-de-france

19 July 2025,182.6,37.318,5020,396,5,2025,tour-de-france

20 July 2025,169.3,47.434,2305,73,2,2025,tour-de-france

-1,-1,-1,-1,-1,-1,2025,tour-de-france

22 July 2025,171.5,42.291,2929,302,5,2025,tour-de-france

23 July 2025,160.4,46.832,1660,25,1,2025,tour-de-france

24 July 2025,171.5,33.873,5642,414,5,2025,tour-de-france

25 July 2025,93.1,33.63,3431,340,5,2025,tour-de-france

26 July 2025,184.2,44.899,2916,107,2,2025,tour-de-france

27 July 2025,132.3,42.336,1129,26,1,2025,tour-de-france

